Position	n
1	7
34	3
353	1
817	4
1145	5
1551	2
1645	2
1759	2
1761	2
2285	1
3368	2
3529	2
4311	3
4653	1
4681	5
5162	3
5189	5
5195	5
5201	5
5353	1
5419	2
5536	1
5684	6
5918	2
5951	2
6065	5
6418	5
6421	5
6554	1
7045	4
7124	2
7178	2
7191	4
7212	1
7259	5
7288	1
7409	6
7443	4
7482	5
7576	4
7580	1
7701	3
7789	1
7828	1
8102	1
8406	5
8460	1
8483	6
8632	1
9860	5
9969	1
10295	1
10487	4
10941	1
10996	7
11020	1
11354	5
11412	1
11463	4
11483	4
11565	5
11571	6
11596	5
11599	1
11660	1
11714	5
12325	6
12387	6
12867	1
13057	9
13064	9
13260	2
13629	1
13783	3
14089	4
14217	2
14262	6
14405	7
14844	5
14990	6
15176	2
15206	6
15489	7
15759	3
15884	5
15965	6
16648	6
16855	7
16991	6
17088	6
17145	6
17221	6
17250	6
17526	1
17612	6
17644	6
17791	5
17996	6
18202	4
18374	7
18401	5
18416	5
18494	8
18572	7
19298	5
19367	5
19552	5
19584	5
19742	1
19793	4
19808	5
19930	4
19990	4
20012	4
20047	6
20243	1
20357	6
20423	5
20443	6
20565	5
20771	3
20830	6
21015	8
21084	7
21169	7
21203	1
21638	5
21649	5
21665	5
21671	1
21883	5
21902	5
21959	5
22012	1
22016	5
22086	5
22194	4
22330	4
22505	1
22671	5
22720	5
22759	3
22907	5
22962	1
23163	1
23378	5
23747	6
23929	2
24017	4
24342	5
24600	4
24856	4
25059	3
25215	4
25298	3
25456	4
25482	4
25525	6
25579	6
25591	6
25666	4
25680	5
25786	4
25792	4
25807	4
25885	2
25942	2
25954	2
25957	2
25987	3
25991	3
26005	3
26029	3
26050	3
26069	3
26113	4
26137	4
26247	3
26402	4
26701	5
26713	1
27188	6
27194	6
27207	6
27340	5
27656	4
27743	1
27751	5
27824	4
27857	4
28274	5
28453	4
28479	4
29010	4
29398	4
29608	1
29801	3
29807	6
29853	2
30006	1
30381	4
30424	4
30862	1
30874	3
31374	3
31412	4
31453	1
31495	4
31519	1
32087	5
32243	4
32597	5
32606	5
32730	6
32832	6
33005	1
33247	4
33257	1
33294	6
33424	5
33510	1
33553	6
33576	5
33646	6
33669	1
34133	4
34335	5
34457	1
34468	1
34536	4
34607	4
34961	5
35007	7
35019	1
35041	6
35115	6
35459	6
35520	6
35608	2
35633	5
35699	5
35725	4
35975	1
36194	3
36446	3
36610	5
36612	5
37210	5
37266	1
37658	4
37750	5
38005	1
38098	2
38418	5
38425	1
38486	6
38508	1
38730	1
38797	4
39565	4
39812	5
39926	1
40382	7
40644	1
40655	7
40739	8
40786	8
40788	9
41046	8
41091	6
41254	4
41268	1
41542	4
41739	7
41803	7
42284	4
42313	2
42388	1
42443	1
42444	3
42471	3
42514	5
42560	5
42721	4
42810	5
42832	1
42861	5
42925	4
42972	2
43009	2
43084	6
43214	5
43305	3
43659	5
43714	5
43768	5
44015	4
44034	3
44186	4
44219	4
44405	3
44492	4
44497	1
44670	5
44748	1
44918	2
45032	1
45182	6
45440	5
45516	1
45684	1
45864	4
46030	1
46127	6
46248	3
46312	4
46394	1
46562	5
46907	6
47216	4
47228	4
47433	1
47802	4
47912	4
48003	4
48022	5
48095	4
48384	5
48627	4
48684	4
48719	4
48852	4
48967	3
49146	1
49163	1
49166	1
49207	1
49410	3
49709	1
49733	6
49804	4
49907	4
50182	4
50226	5
50330	5
50362	1
50476	6
50485	1
50774	5
50822	5
51231	6
51260	5
51353	4
51368	5
51402	3
51450	1
51458	3
51531	4
51580	1
51581	1
51590	3
51591	3
51593	2
51594	2
51605	4
51644	43
51679	39
51688	4
51689	4
51698	5
51699	5
51701	5
51702	5
51713	12
51730	3
51733	2
51752	25
51787	12
51796	4
51797	5
51806	5
51807	4
51809	5
51810	5
51821	8
51838	10
51841	9
51860	40
51895	6
51939	5
52079	4
52203	5
52224	1
52568	5
52674	4
52677	4
52708	1
52830	4
52973	6
53237	3
53367	5
53567	1
53581	5
53585	5
53613	5
53630	5
53654	4
53782	6
53790	6
53860	6
53862	1
53884	6
53902	4
53922	6
53954	3
53969	4
54010	1
54029	1
54087	1
54162	1
54182	1
54192	1
54211	1
54214	1
54223	1
54257	4
54264	3
54265	4
54266	3
54267	2
54277	8
54281	7
54289	5
54298	6
54367	7
54430	5
54445	6
54452	5
54459	8
54470	1
54484	6
54496	3
54514	6
54586	4
54598	5
54601	5
54604	4
54605	5
54606	5
54607	2
54614	2
54622	2
54625	2
54628	1
54635	1
54639	1
54640	1
54668	1
54680	1
54691	4
54706	2
54707	2
54712	2
54716	2
54718	2
54721	3
54724	3
54742	4
54851	3
54901	4
54920	5
54928	5
54931	4
54932	4
54934	3
54969	1
54976	7
54997	7
55008	4
55032	6
55043	6
55046	5
55048	5
55051	3
55066	6
55100	6
55102	6
55110	7
55237	5
55240	5
55246	4
55250	5
55252	5
55253	5
55256	5
55257	1
55259	5
55260	5
55265	5
55269	4
55285	1
55305	1
55372	1
55603	1
55740	1
55746	2
55747	2
55750	5
55751	2
55759	12
55761	1
55763	7
55765	12
55766	10
55769	6
55771	2
55882	1
55883	1
55888	1
55907	18
55909	1
55910	1
55932	1
56033	1
56048	1
56232	4
56323	36
56361	5
56364	1
56499	1
56503	1
56504	2
56505	1
56511	1
56539	2
56565	1
56673	3
56682	2
56693	17
56700	3
56706	1
56707	6
56711	2
56718	3
56730	3
56742	3
56756	3
56834	2
56842	2
56853	17
56864	4
56865	3
56923	5
56928	1
56929	1
56930	1
56936	2
56950	1
56952	3
56967	2
57087	6
57096	5
57108	5
57127	4
57135	4
57150	5
57156	1
57180	3
57260	3
57262	1
57282	2
57298	3
57342	2
57375	1
57381	2
57559	1
57637	1
57640	2
57691	1
57696	1
57736	2
57740	2
57748	2
57749	2
57754	1
57762	2
57765	2
57766	5
57767	5
57768	5
57771	1
57774	3
57785	4
57849	1
57867	5
57868	5
57871	5
57879	5
57880	5
57900	2
57934	2
57937	1
58024	1
58051	4
58054	2
58057	4
58060	3
58067	9
58096	3
58099	4
58108	5
58122	5
58123	6
58168	5
58182	4
58198	4
58206	5
58223	6
58224	6
58230	5
58231	5
58234	5
58247	4
58249	3
58254	3
58297	6
58319	5
58327	5
58329	5
58338	4
58339	4
58340	4
58348	3
58350	3
58354	4
58360	1
58369	1
58402	2
58442	2
58444	3
58468	4
58477	4
58480	4
58485	4
58486	4
58488	3
58498	3
58500	4
58503	4
58509	4
58515	2
58525	4
58546	2
58558	3
58561	1
58600	1
58606	1
58607	1
58608	1
58609	2
58612	2
58636	4
58664	7
58666	7
58677	6
58696	7
58718	7
58721	3
58791	2
58792	1
58794	1
58797	3
58801	3
58804	3
58806	3
58808	3
58809	3
58831	2
58834	1
58836	1
58843	1
58846	1
58852	1
58853	1
58864	1
58964	1
58981	2
59031	4
59087	3
59094	2
59204	1
59391	3
59499	3
59562	4
59894	3
59913	3
60157	5
60348	3
60430	5
61386	5
61452	5
61473	1
61577	7
61609	1
61931	5
61957	4
62057	4
62178	5
62559	4
62605	3
62939	5
63170	3
63467	5
63637	6
63681	7
64177	5
64282	4
64468	5
64502	1
64509	4
64528	4
64642	5
64701	5
64837	1
65206	3
65211	3
65817	5
65845	6
66011	4
66093	3
66182	8
66255	4
66424	5
66764	5
66977	5
67274	5
67340	4
67369	2
67396	4
67408	4
67504	1
67549	5
67657	2
68276	5
68326	4
68381	4
68399	4
68453	2
68479	2
68528	5
68580	4
68596	6
68659	5
68662	5
68688	5
68807	1
68863	5
69037	5
69223	5
69334	4
69526	5
69823	5
70110	1
70146	1
70205	5
70334	4
70338	5
70508	6
70524	1
71100	3
71141	1
71307	3
71459	1
71643	4
71775	4
71907	5
72066	3
72210	2
72311	2
72510	2
72784	1
72809	6
72889	1
72932	1
73005	1
73053	1
73088	6
73416	2
73492	5
74009	5
74069	6
74286	2
74371	3
74475	3
74513	1
74649	4
74655	1
74678	1
75456	4
75463	4
75504	4
75530	4
75632	3
75714	4
76105	6
76123	1
76622	5
77562	1
77780	6
77821	3
77952	6
78207	1
78263	4
78351	3
78424	1
78480	4
78525	3
78535	3
78579	1
79204	1
79488	6
79552	1
79599	5
79607	6
79666	1
79827	1
79833	2
79981	1
80409	5
80443	5
80535	5
80580	5
80613	5
81105	6
81566	1
81655	4
81796	6
82071	1
82111	1
82276	3
82735	5
83237	5
83388	1
83408	6
83655	5
83660	5
83819	5
83938	6
83940	1
84390	4
84519	1
84525	3
84529	3
84536	3
84537	1
84541	2
84546	6
84549	1
84551	4
84558	1
84573	1
84730	4
85000	6
85508	4
85550	4
85751	6
85970	4
86481	6
86703	5
86775	6
87092	5
87116	5
87159	2
87518	2
87990	1
88057	1
88063	4
88123	1
88271	5
88482	6
88739	3
88938	3
88962	5
89109	5
90383	6
90463	5
90750	3
90817	4
91153	1
91179	5
91330	5
91409	4
91480	4
91548	4
91680	5
91707	3
92090	5
92354	1
92471	4
92726	3
92761	3
93188	2
93321	3
93349	1
93357	1
93501	2
93692	6
93694	6
93731	1
93746	3
93965	2
94038	1
94236	5
94347	6
94774	5
94775	6
94897	6
95041	6
95218	7
95255	8
95307	7
95364	7
95408	1
95509	7
95685	5
95689	2
95706	1
95712	2
95720	3
95724	1
95734	1
95741	1
95750	1
96093	1
96257	1
96443	3
96538	5
96771	6
96946	4
97048	1
97108	1
97159	7
97595	4
98123	3
98294	2
99293	4
99472	6
99496	1
100061	2
100213	2
100360	3
100385	2
100549	2
100558	4
101002	1
101032	7
101045	1
101452	3
101471	4
101561	2
101610	2
101708	3
102019	2
102020	3
102056	2
102210	1
102491	6
102655	5
102664	6
102666	5
102695	5
102830	3
102845	5
102932	1
102936	8
103123	4
103174	1
103310	1
103591	1
103622	5
103718	6
104127	6
104567	5
105466	1
105520	7
105670	6
105706	1
106047	3
106392	6
106604	1
106657	1
107492	1
108189	1
108395	1
108616	1
108618	1
109684	1
110667	7
111193	1
111211	1
111270	3
111661	6
111883	6
112086	6
112114	5
112201	4
112226	5
112411	5
112440	6
112459	7
112576	7
112730	1
112861	6
113154	1
114254	5
114364	6
114745	3
114862	1
115012	6
115044	1
115281	1
115569	5
115570	5
115829	6
116275	3
116336	3
116602	1
116720	4
116836	2
117083	4
117113	6
117211	5
117458	1
117459	1
117595	1
118060	4
118071	3
118169	4
118253	3
118706	5
118741	5
118834	1
118938	4
119266	3
119444	4
119702	1
119869	3
120057	3
120258	1
120761	6
121178	7
121252	1
121264	1
121271	1
121568	4
121589	7
121952	1
121964	1
122496	6
123162	1
123364	1
124141	1
124551	7
124638	4
124874	5
124957	1
125146	5
125259	5
125330	1
125466	4
125481	4
125482	4
125759	1
126030	1
126205	8
126513	1
126690	6
126720	5
126990	5
127104	5
127122	1
127235	1
127307	1
127406	6
128065	4
128071	4
128109	4
128141	1
128200	4
128326	1
128429	4
128433	4
128658	5
128755	3
128793	1
128830	2
129026	1
129293	5
129294	5
129435	5
129458	1
129737	5
129782	1
129808	6
129844	5
129894	1
129917	4
130044	4
130080	4
130114	4
130308	1
130344	5
130392	2
130426	5
130465	5
130727	4
130739	3
131069	1
131075	3
132021	3
132024	1
132308	2
132329	2
132335	4
132440	5
132859	5
133160	2
133165	1
133285	1
133427	4
133591	4
133629	3
133826	5
134029	1
134072	4
134323	5
134328	1
134376	5
134472	5
134478	5
134652	4
134692	2
134772	1
134838	1
134873	1
134916	3
134941	5
134976	1
134988	5
134989	5
135033	6
135063	1
135077	6
135079	6
135140	5
135238	2
135296	1
135380	1
135480	7
135490	6
135515	5
135606	6
135641	1
135686	5
135721	5
135780	7
135819	4
135849	6
135905	3
135907	3
135936	3
136007	1
136211	1
136418	1
136426	7
136461	7
136881	7
136905	7
137599	3
137712	5
138085	4
138256	4
138466	5
138826	1
138975	6
139302	1
139312	4
139399	1
139575	4
139644	4
139937	3
140059	1
140118	4
140428	4
140879	7
140955	1
141336	5
141352	7
141655	1
141719	6
141722	7
142040	3
142473	1
142476	1
142519	1
142845	4
142886	5
143324	5
143998	7
144010	1
144013	1
144085	4
144248	5
144256	5
144265	4
144285	2
144353	1
144480	4
144482	4
144485	4
144487	2
144489	2
144491	3
144493	3
144494	1
144497	2
144498	2
144501	3
144502	2
144509	2
144510	1
144513	1
144521	1
144879	1
145022	5
145224	4
145273	6
145472	5
145526	3
145674	3
145745	1
146812	1
147744	1
148005	4
148321	7
148515	8
148579	8
148746	6
148879	1
148882	1
148901	1
149091	1
149617	1
149739	4
150242	1
150584	1
150590	1
150613	1
150631	1
150637	1
150640	1
150939	3
151252	3
151615	4
151697	1
151751	2
151753	3
151757	1
151762	1
151764	2
151770	3
151771	3
151776	3
151777	1
151787	1
151791	1
151794	1
151798	1
151805	1
152467	3
153089	1
153227	4
153346	1
153923	2
154064	5
154353	7
154538	1
154613	2
155083	5
155189	2
155226	1
155559	8
155664	2
155701	6
155916	1
156278	1
156365	2
156702	2
156872	5
156942	3
157125	4
157144	5
157373	9
157490	7
157496	1
157521	2
157697	6
157831	4
157976	7
158027	2
158033	4
158034	2
158253	3
158260	4
158387	1
158388	1
158642	3
158833	6
158876	4
158879	2
158899	3
159022	6
159107	1
159363	2
159373	2
159450	1
159458	7
159953	2
159968	4
160702	6
160732	6
160744	5
160777	8
160779	8
161044	4
161104	5
161126	5
161189	3
161201	1
161203	1
161205	1
161210	1
161212	1
161218	1
161229	1
161234	1
161235	2
161236	2
161239	1
161247	6
161272	4
161300	1
161314	1
161317	2
161320	2
161365	4
161371	4
161380	4
161680	5
161715	5
161891	1
162249	4
162316	1
162319	1
162417	4
162495	4
162497	2
162614	3
162722	2
162776	5
162946	1
163253	4
163254	4
163564	1
163655	4
163691	1
163697	1
163825	8
163963	5
164275	4
164293	4
164371	2
164409	4
164462	2
164476	4
164494	8
164503	1
164527	4
164578	2
164598	1
164659	1
164849	2
164983	5
164999	1
165086	3
165149	1
165423	2
165478	5
165565	5
165643	1
165646	6
165657	1
165674	2
165676	2
165770	4
165832	4
166449	5
166456	5
166607	5
166610	5
166636	3
166653	6
166656	4
166769	6
166869	6
166872	6
166885	6
166983	6
167033	4
167041	4
167097	7
167181	7
167342	5
167432	6
167504	6
167596	1
167706	4
167727	9
167734	5
167798	5
167804	2
167960	2
168135	2
168182	7
168250	1
168252	7
168254	1
168258	6
168260	6
168268	7
168271	4
168275	2
168279	2
168294	3
168298	1
168312	1
168315	1
168318	2
168351	7
168361	6
168442	7
168561	1
168770	7
168818	2
168934	8
168937	7
168959	5
168965	7
169072	3
169239	1
169240	1
169243	3
169245	2
169252	1
169291	5
169340	7
169902	1
169911	2
169929	1
169941	5
169946	7
170246	1
170531	5
171058	5
171245	4
171320	5
171430	3
171488	5
171491	5
171547	5
171699	5
171817	1
171970	1
171973	3
172085	2
172154	5
172289	6
172338	5
172380	6
172391	4
172489	7
172640	6
172834	5
172856	1
172892	5
172981	7
173052	2
173349	1
173376	5
173412	5
173442	2
173472	6
173623	6
173932	5
173951	5
174005	1
174237	1
174664	6
174672	6
174759	7
175156	1
175248	6
175387	1
175524	1
175572	1
175579	1
175674	2
175693	1
176137	4
176172	1
176240	2
176469	1
176512	5
176680	4
176708	6
176836	4
177037	1
177068	1
177182	1
177199	5
177352	2
177637	1
177722	1
177856	3
177889	1
178061	1
178250	5
178339	5
178377	1
178608	5
178718	4
178785	4
179074	1
179086	1
179516	1
179736	1
179782	4
180225	3
180452	4
180476	4
181406	3
181625	4
181648	7
181796	3
181849	4
181866	35
181870	36
181872	17
181972	3
182050	1
182178	1
182276	1
182484	2
182622	2
182625	2
182668	2
182758	2
182824	2
182900	5
182901	5
182905	2
182913	18
182937	2
182938	2
182962	2
182971	1
183031	1
183050	2
183074	1
183115	1
183258	3
183260	2
183337	3
183373	4
183414	1
183446	4
183666	2
183720	2
183744	2
183877	2
183987	3
183988	6
184024	2
184153	4
184340	4
184346	4
184391	1
184457	1
184484	3
184539	3
184630	1
184975	2
184993	5
185046	1
185546	6
185548	3
185553	5
185555	1
185559	6
185561	5
185564	3
185565	4
185569	3
185571	1
185579	1
185587	1
185602	2
185631	1
185637	1
185799	1
186453	1
187823	1
187977	3
188427	1
188959	3
189212	3
189296	2
189338	1
189350	1
189445	1
189553	1
189576	1
190009	3
190194	1
190696	2
190982	2
191340	1
191517	1
191865	2
191898	7
192207	2
192224	1
192825	1
192876	1
192951	1
193349	2
194120	2
194612	2
195134	6
195174	1
195220	3
195225	3
195315	1
195351	6
195836	5
195922	5
195973	4
196043	1
196177	7
196207	5
196390	5
196541	4
196614	5
196676	1
196719	2
196743	1
196760	1
196888	1
197030	3
197281	1
197327	4
197462	4
197789	3
197937	2
198015	4
198381	5
198403	5
198497	1
198570	1
199042	5
199088	3
199148	5
199687	3
199802	3
199866	4
199943	6
200047	5
200516	4
200540	1
200728	3
200770	1
201219	1
201235	1
201258	4
201340	3
201401	4
201430	5
201460	5
201541	4
201697	2
201725	6
201864	6
201999	4
202159	3
202265	5
202467	4
202534	4
202656	4
202664	1
202737	1
202771	1
202824	3
202845	3
202955	4
203203	1
203252	3
203356	4
203405	6
203572	6
203638	6
203689	5
203958	1
204085	6
204114	5
204207	5
204213	2
204414	1
204619	1
204627	5
204678	5
204683	5
204688	6
204690	1
204746	5
204838	1
204857	2
205368	5
205448	8
205480	1
205522	7
205643	5
205946	2
206391	6
206416	6
206596	6
206639	1
206657	5
206737	6
206923	4
207427	2
207509	4
207528	1
207758	5
207761	5
207807	5
207842	6
208300	3
208370	6
208441	1
208619	5
208707	6
208880	4
208898	7
209021	5
209174	6
209337	6
209543	1
209597	4
209755	1
209847	5
209963	1
210127	1
210379	6
210927	4
211202	6
211582	3
211651	2
211835	4
212014	5
212343	5
212431	5
212536	5
212575	1
212741	6
213436	1
213890	1
213939	6
214256	5
214431	6
214583	1
214596	5
214682	5
214775	1
214788	8
215071	6
215419	6
215468	7
215492	4
215525	5
215612	4
215748	1
215799	6
215801	3
215874	2
215897	2
215933	3
215940	2
216021	5
216060	4
216158	5
216188	4
216280	4
216362	5
216387	3
216392	1
216393	1
216402	1
216403	1
216404	1
216413	1
216436	4
216474	6
216542	6
216568	3
216598	4
216608	4
216759	5
216765	6
216884	1
216915	1
217032	4
217095	1
217311	6
217358	3
217553	5
217638	3
217866	6
217893	6
217923	4
217955	4
218159	4
218360	1
218442	5
218487	4
218489	1
218814	5
219077	2
219564	5
219631	5
219652	6
219755	3
220090	1
220131	5
220309	3
220376	1
220503	3
220520	1
220633	3
220665	1
220667	2
220770	2
220794	3
221006	1
221024	3
221208	1
221226	3
221307	1
221576	1
221637	4
221682	4
221713	3
221763	3
221844	2
222027	4
222241	3
222257	1
222297	4
222381	5
222513	3
222701	1
222739	7
223075	1
223230	5
223252	4
223515	6
223560	3
223724	1
223768	3
223871	3
224076	3
224224	1
224285	3
224331	1
224656	3
224730	3
224743	3
224830	1
224889	1
224980	2
224995	3
224998	3
225016	3
225406	3
225429	1
225494	3
225883	1
226366	3
226388	3
226459	1
226504	4
226731	1
226739	3
226769	3
226924	1
226997	3
227007	3
227042	1
227129	1
227167	1
227353	1
227354	3
227619	1
227648	1
227663	5
227679	3
227824	6
228122	1
228581	6
228639	1
229032	1
229742	1
230687	4
231327	2
231385	1
231544	3
231680	1
231757	3
232367	4
232582	1
233134	1
233156	1
233448	3
233680	4
233880	3
233924	1
234050	7
234088	4
234854	1
235010	3
235223	1
235262	1
235821	1
236431	1
236533	1
236917	1
238179	1
238212	1
238487	3
239342	2
239822	2
240074	2
240191	2
240572	2
241191	2
241262	1
241402	1
241461	2
241884	4
242034	4
242362	1
242545	3
242732	1
242793	1
243353	1
244519	1
245070	1
245092	1
245440	1
245455	1
245548	1
246166	1
246417	3
246528	3
246708	3
247256	1
247364	3
248150	4
248739	3
249502	2
250193	2
250233	1
250583	1
251004	1
251590	2
251611	2
251740	3
251746	1
251752	3
251754	3
251769	2
251824	1
251997	1
253013	3
253370	1
253504	2
254123	2
254324	1
254675	1
254916	4
255049	1
255079	4
255125	1
255742	4
255761	5
255945	5
256146	1
256196	1
256204	1
256205	1
256303	5
256668	2
256754	1
256930	1
257559	2
257851	4
257859	3
258528	4
258564	1
259104	1
260130	1
260184	3
260208	5
260295	5
260439	1
260571	4
260724	6
260848	5
260979	4
260995	1
261064	3
261082	5
261226	1
261594	5
261819	1
261862	4
261885	5
261979	4
262033	2
262077	5
262114	5
262444	1
262494	1
262661	1
262693	7
262773	6
262926	5
262932	5
263409	5
263580	5
263593	5
263673	1
264181	6
264256	6
264337	1
264715	6
264810	6
264990	5
265222	4
265420	7
265449	4
265458	1
265518	6
265520	6
265832	1
265893	5
265956	6
265962	6
265967	1
266008	6
266059	6
266086	6
266490	7
266551	6
266745	1
266973	5
267074	1
267245	6
267247	6
267263	7
267398	5
267692	6
267772	6
267803	4
267875	1
268007	4
268267	4
269114	5
269222	1
269246	1
269247	1
269265	5
269344	5
269374	5
269425	1
269452	5
269548	1
269827	5
269842	5
269979	6
270154	6
270184	5
270240	1
270321	4
270442	3
270619	5
270960	6
271237	3
271372	3
271505	1
271559	2
271875	5
272041	1
272209	4
272340	4
272549	4
272612	4
272670	4
272753	1
272755	1
272971	2
273041	2
273106	4
273152	4
273167	4
273193	4
273219	2
273229	4
273368	4
273386	4
273470	3
273623	2
273644	2
274024	4
274532	4
274951	1
274983	2
275011	1
275251	1
275312	5
275397	3
275447	1
275448	1
275752	5
275768	1
275849	1
275890	4
275972	3
276484	2
276555	2
276591	2
276740	2
277137	3
277186	5
277575	3
277714	6
277716	6
278074	4
278107	6
278271	4
278648	7
278775	7
278970	5
279093	6
279304	4
279533	5
279578	4
279617	6
279957	4
280090	3
280177	3
280261	3
280448	3
280799	1
280906	4
280914	1
281019	2
281143	1
281185	7
281507	1
281837	5
281863	5
281910	1
282131	6
282266	4
282306	5
282342	2
282347	6
282624	6
282770	8
283044	5
283149	5
283157	2
283407	5
283551	5
283770	5
283800	5
283924	5
283963	5
284056	4
284163	1
284173	1
284238	4
284251	2
284311	5
284470	3
284759	3
284854	2
285043	3
285781	4
285941	2
285947	3
286186	4
286340	3
286454	5
286463	3
286549	1
286550	4
286638	3
286821	1
286875	2
286881	3
286884	3
287023	1
287141	4
287189	5
287657	4
287678	3
287940	1
288240	4
288318	1
288678	6
288870	1
288915	3
288934	1
289142	3
289331	2
289688	1
289774	2
290559	3
290748	4
291167	5
291349	5
291641	7
291788	4
291821	1
291832	1
291834	1
291852	3
291876	4
291962	1
292100	4
292609	4
292921	4
293187	3
293223	1
293278	3
293384	3
293452	2
293693	5
293709	5
294002	1
294071	3
294217	2
294278	6
294350	1
294415	7
294538	6
294577	1
294843	4
295189	2
295231	3
295347	4
295405	1
295843	1
295911	5
296248	1
296353	4
296497	3
296660	4
296768	5
296789	4
296990	4
297226	6
297429	3
297674	5
297804	1
297838	3
297896	4
297947	4
298142	1
298350	6
298360	6
298473	2
298573	3
298612	3
298646	4
298663	5
298759	5
298856	4
299248	3
299330	6
299399	1
300408	4
300465	3
300481	1
300542	3
300622	5
300632	6
301040	6
301257	2
301456	5
301519	4
301528	1
301544	4
301566	4
301679	5
301900	1
302115	2
302536	4
302646	5
302660	5
302800	5
303034	5
303348	4
303577	3
303914	7
303968	1
304084	6
304432	6
304446	6
304456	1
304729	6
304774	5
305284	1
305401	1
305586	3
305836	1
306290	1
306370	1
306395	1
306717	1
306851	1
306990	5
308453	1
308575	5
309409	4
309809	6
309871	3
310168	1
310447	1
310535	1
310651	6
310793	5
310795	4
311014	6
311452	1
311538	1
311642	1
311672	4
311680	1
311711	4
311897	6
312059	3
312101	6
312165	6
312342	1
312441	1
312482	5
312484	5
312607	4
313243	6
313406	7
313538	5
313721	6
313841	4
314221	7
314240	7
314630	6
314766	4
315086	6
315213	5
315383	4
315432	6
315656	2
315693	1
315740	1
316009	4
316598	1
316612	4
316912	4
317013	5
317372	4
317571	6
317619	5
317644	4
317675	4
317846	4
318119	1
318196	4
318392	1
318769	1
319016	2
319160	4
319287	4
319792	1
319827	3
320099	5
320140	1
320141	3
320587	4
321050	4
321060	5
321061	1
321068	3
321085	3
321098	4
321109	1
321412	4
321509	6
321579	5
321597	5
321683	1
321719	3
321721	3
321734	1
321769	1
321786	1
321801	2
321806	3
321943	2
322030	2
322043	3
322096	2
322130	2
322153	1
322163	3
322211	3
322382	4
322554	4
322735	3
322762	3
322763	3
323015	1
323183	4
323365	1
323417	3
323515	2
323721	4
323873	7
323921	1
323928	3
323929	4
323931	4
323934	10
324140	1
324536	5
324605	5
324749	1
325413	4
325652	1
325838	6
325946	1
325998	5
326334	4
326355	4
326709	4
326745	6
327282	5
327468	3
327504	4
327776	7
327874	3
328855	4
329294	1
329481	6
329482	6
329635	5
329662	5
329712	1
329754	5
329772	6
329803	7
330167	1
330175	5
330274	6
330387	7
330840	1
330954	1
331055	7
331090	7
331168	1
331198	1
331231	5
331423	5
331454	1
331895	7
331968	1
332032	1
332081	5
332246	5
332280	6
332311	6
332483	5
332670	5
332838	5
333024	4
333034	4
333438	3
333494	5
333522	6
333616	5
333839	5
333854	5
333880	5
334263	1
334457	6
334461	6
334530	5
334714	1
334756	5
334855	6
335117	6
335408	1
335577	1
335918	5
336057	7
336268	4
336349	4
336481	5
336501	2
336570	6
336672	6
336894	6
337122	1
337250	5
337739	5
337751	5
337756	5
337967	5
338040	5
338053	4
338214	6
338305	1
338871	5
339151	3
339588	4
340174	6
340229	4
340722	5
340982	4
341214	5
341228	5
341288	5
341301	5
341517	4
341584	5
341859	4
341925	4
342178	3
342303	3
342329	1
342479	5
342813	6
342827	5
342856	5
343142	7
343329	5
343918	1
344032	6
344101	6
344200	1
344226	6
344251	1
344266	5
344267	1
344299	7
344341	1
344350	1
344495	5
344574	1
344638	1
344791	6
345159	7
345342	5
345366	7
345399	6
345812	5
346404	4
346442	7
346614	1
346651	6
346676	6
346872	1
347346	5
347359	5
347388	1
347399	7
347429	6
347639	6
347780	5
347788	5
347907	7
348063	6
348209	5
348213	5
348218	5
348247	4
348297	4
348321	4
348322	4
348362	4
348364	4
348366	3
348392	4
348445	5
348477	5
348512	5
348539	5
348566	5
348720	5
348756	1
348915	1
348970	6
349376	4
349646	5
349652	1
349667	1
349677	3
350009	5
350233	3
350435	1
350445	9
350498	7
350571	4
350685	1
350703	1
350787	1
350814	1
350912	7
351599	5
351857	1
352099	3
352800	6
352923	5
352974	6
353109	5
353154	6
353196	5
353241	1
353355	1
353457	4
353685	6
353730	6
353949	6
353977	1
353997	5
354282	1
354387	6
354408	3
354414	3
354645	2
354646	1
354816	3
354867	3
355078	1
355684	5
355713	6
355989	3
356019	4
356033	5
356235	4
356331	3
356508	3
356747	3
356777	1
357323	1
357417	4
357452	3
357486	3
357511	3
357625	1
357681	4
357730	5
357787	6
357790	3
357996	3
358097	2
358433	2
358497	4
358515	4
358573	5
358583	4
358591	5
358594	5
358789	4
358791	1
359077	3
359318	8
359547	5
359549	6
359884	5
359908	5
359917	4
359936	1
360027	5
360091	4
360136	7
360178	6
360265	6
360575	6
360609	5
360679	1
360713	6
361094	6
361243	5
361343	5
361535	6
361568	6
361720	4
361791	5
362123	6
362151	6
362231	6
362250	6
362511	6
362568	6
362695	4
362712	5
362718	1
362841	3
362877	7
362973	1
363031	1
363201	7
363338	5
363350	6
363366	5
363392	1
363754	6
363824	6
363929	2
363998	7
364028	1
364198	7
364406	5
364783	2
364845	6
365012	5
365292	1
365735	5
366063	7
366089	1
366195	5
366208	2
366228	5
366258	7
366290	8
366417	6
366559	6
366721	5
367345	5
367400	3
367543	4
367681	1
367818	5
367828	5
367860	6
367964	1
368005	3
368035	1
368627	4
369192	4
369231	1
369439	5
369442	6
369448	4
369791	4
369846	4
370061	5
370081	2
370269	1
370499	4
370641	6
370886	5
371011	4
371127	8
371239	1
371356	5
371443	2
371483	5
371621	3
371734	5
371737	5
371936	6
372038	1
372348	1
372742	1
372773	5
372807	2
372854	1
373123	2
373350	1
373523	5
374169	6
374291	6
374979	1
375184	5
375251	6
375605	5
375774	6
375883	6
375951	9
376010	10
376344	3
376701	1
377053	2
377059	4
377434	1
377528	1
377614	5
377940	1
378087	5
378216	5
378468	2
378486	1
378546	1
378874	4
378895	4
379330	7
379410	1
379707	7
379941	4
379952	4
380152	5
380732	2
380772	4
380776	1
380855	5
381212	5
381219	6
381352	5
381723	6
382466	6
382514	3
382560	6
382576	1
382684	1
382712	1
382792	1
382936	1
382953	1
383038	5
383751	1
383769	4
384262	4
384630	3
384745	4
385274	4
385516	4
385550	1
386028	5
386185	4
386729	4
386769	4
386838	4
386887	1
387127	4
387612	1
387943	6
387973	3
388495	1
388630	1
388747	6
388858	1
389548	1
389575	6
389843	5
389991	4
390182	1
390205	1
390509	7
390566	6
390756	1
390879	7
391061	3
391206	3
391443	5
391546	1
391614	2
391860	5
391905	3
392085	1
392253	4
392880	1
392883	6
393108	6
393173	1
393559	2
393658	5
394778	5
395188	5
395221	4
395259	1
395319	1
395618	4
395729	5
395862	4
395892	5
395920	1
396222	3
396484	5
397057	5
397096	1
397111	6
397197	1
397213	5
397256	1
397282	1
397578	4
397602	4
398863	4
398888	4
399142	5
399485	3
399563	4
400116	5
401004	3
401094	1
401362	2
401409	4
402376	4
402754	4
402773	4
403245	1
403320	6
403387	5
403767	5
403907	4
404230	1
404331	1
404379	5
404808	3
404979	5
405236	4
405520	1
405912	4
406029	4
406119	5
406152	4
406592	5
406653	6
406654	5
406778	5
406852	4
407015	1
407064	5
407240	8
407908	4
408140	1
408295	2
408368	5
408420	5
408490	4
408567	4
408856	5
409015	5
409066	4
409202	2
409264	5
409604	6
409663	2
409796	6
409853	4
409908	4
410017	5
410045	1
410159	5
410228	5
410236	5
410307	6
410345	9
410654	3
410657	3
410713	3
410814	1
410824	4
411052	5
411129	6
411156	5
411219	5
411269	6
411342	3
411567	4
411625	3
411630	3
411677	3
411691	5
411875	4
411977	4
412250	1
412293	1
412423	4
412573	5
412645	6
412739	6
412765	1
412802	6
413530	6
413549	6
413570	6
413618	5
413719	5
413867	4
413923	4
414104	5
414217	4
414291	1
414315	1
414324	1
414327	1
414341	1
414549	4
414747	4
414810	4
414972	6
414978	7
415016	1
415060	5
415277	1
415301	5
415345	7
415486	5
415599	6
415645	1
415820	5
415830	6
415941	5
416030	5
416108	1
416405	1
416622	4
416663	1
416669	4
416915	2
417848	6
418090	6
418118	5
418407	2
418412	1
418649	3
418857	5
418930	6
418967	6
419307	6
419334	7
419340	8
419465	1
419468	1
419499	1
419599	5
419639	4
419710	1
419743	4
419901	1
420108	1
420182	1
420247	4
420320	6
420576	4
420671	3
420772	4
420833	4
421077	6
421136	4
421523	1
421905	6
422030	6
422374	4
423271	5
423301	5
423355	5
423411	5
423579	6
423593	5
423630	6
423842	4
424039	1
424078	4
424234	1
424385	1
424455	7
424495	5
424771	5
425295	2
425335	1
425446	4
425626	1
425876	4
425903	5
426198	3
426318	1
426379	3
426421	1
426518	6
426575	5
426781	5
426946	5
427004	6
427168	3
427448	5
427478	1
427479	1
427677	7
427736	6
428297	1
428529	6
428532	3
428756	6
428903	6
428909	1
429268	4
429420	1
429609	1
429863	5
430406	1
430440	1
430540	6
430586	4
430589	2
430652	5
430731	5
430874	5
431189	5
431245	1
431386	4
431745	6
431831	1
432121	4
432198	5
432619	1
432675	5
432884	5
432910	6
433161	2
433608	7
433816	3
434208	1
434338	5
434429	5
434464	6
434563	3
434579	5
434630	4
434786	6
434909	4
434966	4
435175	4
435283	4
435376	1
435799	4
436263	1
436513	3
436745	1
437063	4
437258	5
437307	1
437708	6
437846	5
437924	6
438347	1
438686	5
438695	2
439111	6
439160	6
439240	5
439599	1
439662	5
439902	3
440172	5
440373	5
440424	4
440577	1
440578	3
440715	1
441166	6
441345	5
441431	5
441470	3
441590	5
441771	6
442056	4
442215	4
442428	3
442526	2
442570	3
442799	5
443112	4
443190	6
443294	5
443649	5
443697	4
443738	4
444215	4
444264	1
444556	4
444666	1
445040	4
445340	4
445369	4
445432	3
445745	6
445785	3
445883	3
445893	3
446098	2
446142	1
446179	2
446340	3
446415	1
446485	3
446501	3
446613	3
446851	3
446875	3
447021	1
447065	3
447364	3
447447	1
447794	2
447827	1
447939	2
447995	2
448067	3
448083	4
448336	2
448418	1
448780	1
448813	5
448882	3
448919	1
449087	5
449259	1
449379	4
449469	2
449548	3
449905	1
449909	6
449918	5
449937	6
450041	5
450323	4
450446	4
450647	5
450798	5
450965	3
451125	1
451253	7
451480	4
451568	7
451697	1
451760	1
451763	2
451799	3
452306	6
453089	6
453231	1
453327	1
453379	1
453391	2
453587	1
453940	5
453961	5
454208	5
454275	1
454328	4
454563	3
454701	4
454782	6
454869	7
454919	7
455004	5
455587	1
455628	5
455865	6
455917	8
456093	1
456131	5
456289	7
456630	4
456760	5
456937	5
456954	6
457112	6
457269	4
457309	1
457500	5
457509	6
457788	5
457880	1
457985	5
458048	4
458261	4
458262	4
458434	5
458508	5
458534	4
459170	4
459282	5
459374	5
459671	6
460059	3
460197	3
460701	4
460964	5
461192	5
461354	5
461531	6
461540	6
461589	1
461753	5
461797	4
461934	4
462143	5
462243	1
462304	2
462407	5
462440	2
462531	3
462930	5
463156	3
463250	2
463396	3
463483	4
463552	3
463591	3
463648	2
463717	5
463726	5
464454	5
464522	5
464687	4
464725	4
465370	3
465427	3
465589	1
466127	4
466831	5
467016	4
467026	1
467169	4
467409	1
467411	1
467462	6
467562	5
467648	1
467806	4
467821	1
467848	6
468145	4
468671	6
469434	4
469483	1
469519	3
469927	5
470002	4
470168	4
470426	4
470431	1
471134	1
471196	1
472357	5
472622	1
472654	1
473065	1
473110	5
473363	4
473883	2
474029	1
474071	4
474442	5
474474	5
474589	3
474596	3
474614	1
474670	1
474689	2
474713	2
474746	2
474804	5
474904	3
475071	1
475249	3
475394	4
475417	6
475581	4
475636	2
475853	3
475906	1
476198	2
476295	2
476297	7
476610	4
476612	5
476723	1
476785	1
476812	2
477158	5
477167	5
477348	1
477503	3
477603	3
477868	1
477884	3
477920	2
477978	1
478086	1
478105	1
478135	1
478184	1
478300	4
478688	1
478786	1
478880	5
479394	1
479673	2
479690	2
479738	5
479752	5
479783	4
479826	1
479869	1
479929	6
479986	1
479987	5
480053	1
480058	6
480069	31
480071	31
480072	32
480079	9
480080	9
480083	9
480440	4
480947	5
481068	3
481093	4
481096	4
481107	4
481211	5
481241	1
481283	5
481609	1
481675	4
481699	4
481704	4
481715	4
481783	4
481806	3
481847	3
482094	4
482196	5
482204	5
482232	6
482593	5
482922	5
482940	4
483415	5
483527	1
483593	4
483608	4
483679	5
483741	5
483980	5
484114	4
484146	3
484204	3
484863	5
485185	4
485331	2
485333	2
485373	2
485395	2
485420	1
485559	4
485579	1
485728	5
485786	1
485874	6
486155	5
486578	1
486774	1
487124	1
487201	1
487228	1
487260	7
487323	1
487398	5
487547	4
488086	5
488153	6
488174	1
488253	5
488354	4
488376	4
488747	5
489580	5
489821	2
489822	2
489840	1
490084	1
490686	4
490887	4
491021	6
491319	1
491431	3
491512	1
491656	5
491738	6
492004	5
492030	1
492159	4
492206	3
492308	4
492314	1
492455	4
492566	4
492626	5
492750	1
492867	2
492885	5
492906	3
492924	5
492959	6
493335	3
493367	1
493396	2
493505	1
493549	5
493588	1
493863	5
494132	1
494684	4
494914	4
495065	3
495573	5
495926	2
496001	3
496496	5
496850	1
497084	1
497234	6
497814	5
498011	1
498245	5
498640	5
498676	5
498815	5
498875	1
499135	5
499252	5
499381	4
499409	4
499438	1
499822	4
500037	1
500063	4
500408	5
500833	6
500858	5
500967	5
501184	4
501340	3
501428	4
501517	1
501676	4
501735	1
501799	5
502168	6
502195	6
502512	6
502641	3
502939	5
503229	1
503852	3
503897	6
504084	4
504293	1
504294	1
504295	1
504303	4
504319	1
504411	4
504877	4
504905	4
504960	5
504978	5
505058	5
505095	6
505225	3
505371	3
505856	4
506055	1
506259	3
506433	1
506510	7
506624	3
506771	1
506825	3
506960	4
506983	4
507043	5
507148	5
507153	1
507196	1
507317	5
507461	5
507490	1
507835	5
507891	4
507987	1
508149	6
508319	6
508330	3
508561	2
508564	5
508686	1
508746	3
508843	4
509160	3
509161	5
509401	5
509662	3
509910	3
510136	1
510189	4
510276	3
510359	6
510676	1
510907	5
511043	1
511216	4
511238	4
511247	5
511312	1
511385	5
511395	5
511397	5
511526	5
511633	5
511636	5
511842	3
511859	4
512031	1
512439	1
512676	5
512847	5
512896	4
512918	4
513312	3
513418	6
513706	4
513970	1
514546	5
514571	2
515038	5
515093	1
515601	4
515761	5
516232	4
516300	3
516325	2
516326	14
516348	5
516386	4
516438	4
516452	5
516542	4
516692	3
516981	4
517037	4
517086	5
517159	4
517281	6
517282	5
517339	6
517579	6
517897	1
518108	6
518149	5
518502	1
518553	3
518626	4
518876	1
518879	3
518940	5
519004	4
519026	4
519116	4
519150	3
519198	3
519283	4
519638	1
519693	4
519947	3
519994	3
520047	1
520423	3
520512	4
520560	4
520588	4
520909	4
521037	1
521083	1
521257	5
521327	1
521425	5
521575	5
521760	5
521795	3
522404	6
522600	1
522638	4
522690	5
522779	4
522795	5
522837	4
522990	4
523356	4
523473	1
523587	4
524164	4
524296	1
524389	5
524646	7
524771	5
524849	7
524963	4
525389	1
525439	5
525687	4
525690	4
525924	1
525992	4
526121	6
526201	6
526307	4
526562	4
526771	1
526774	5
526864	2
526881	1
526892	3
526953	1
527083	1
527188	6
527422	1
527793	5
527843	5
528214	4
528491	1
528850	4
529038	4
529061	4
529193	4
529600	1
529857	5
529944	4
530024	1
530078	3
530082	3
530568	5
530655	5
530846	5
530855	4
531049	5
531131	2
531147	4
531449	1
531462	1
531467	2
531473	35
531504	1
531552	1
531617	1
531633	1
531665	1
531667	2
531670	1
531726	1
531767	24
531773	5
531951	1
532127	4
532154	5
532168	6
532189	6
532405	1
532609	1
532848	1
532871	1
532887	2
532897	1
532899	1
532913	1
532914	1
532923	1
533111	4
533128	3
533142	3
533166	1
533167	1
533175	2
533184	2
533185	2
533190	1
533191	1
533192	1
533193	1
533208	1
533214	1
533237	1
533262	5
533324	5
533339	6
533647	6
533838	4
533929	4
534012	6
534029	6
534231	4
534275	3
534421	3
534444	3
534538	1
534574	3
534824	5
535429	4
535750	4
535809	2
535838	5
535938	1
536085	2
536256	5
536339	4
536519	4
536573	5
536593	2
536596	1
536598	1
536600	1
536607	1
536616	1
536621	2
536622	1
536633	1
536636	1
536919	1
536937	5
537148	5
537206	4
537285	3
537662	4
537751	1
538011	1
538232	1
538440	4
538479	1
538599	4
538664	1
538707	6
538776	4
538985	3
539071	5
539117	4
539189	4
539195	5
539209	1
539424	6
539622	3
539708	5
539719	1
539818	4
540080	1
540102	5
540164	6
540218	5
540439	5
540697	6
540842	4
540944	7
541011	5
541021	5
541052	5
541171	1
541210	1
541219	1
541402	1
541436	6
541477	4
541527	4
541731	5
541904	6
542282	1
542415	3
542546	5
542961	4
543419	1
543847	5
543850	5
543937	5
544013	6
544169	2
544176	4
544180	3
544192	3
544201	5
544582	5
544969	5
544999	5
545187	4
545213	3
545448	4
545646	4
545654	1
545795	4
545861	4
545886	4
546090	5
546091	3
546104	1
546178	6
546211	6
546535	5
546711	1
546834	4
547033	1
547119	5
547177	5
547233	3
547261	6
547292	6
547344	4
547360	5
547366	5
547397	4
547928	7
548245	4
548301	1
548457	1
548487	5
548872	5
548911	5
549068	6
549258	1
549510	4
549516	4
549518	4
549528	1
549605	1
549920	5
549960	3
551630	2
551691	1
551714	6
551754	3
551756	1
551768	1
551798	1
551817	4
551942	5
552046	3
552228	2
552238	3
552285	6
552487	5
552644	5
552728	4
552820	5
553037	3
553057	5
553079	3
553210	5
553232	5
553283	5
553294	3
553321	5
553821	6
553868	4
553869	1
553899	1
553935	6
553942	2
554184	6
555353	5
555862	1
555867	1
555873	1
555886	1
556478	2
556755	1
556953	7
557380	1
557893	1
558091	1
558180	3
558181	3
558354	2
558571	1
558791	1
559029	1
559315	1
559777	1
560244	1
560499	3
561021	1
562167	1
562425	1
562601	1
562831	2
563014	1
563575	5
563628	6
563650	6
564079	1
564991	1
565284	4
565437	5
565539	5
565773	4
566093	1
566104	1
566186	1
566193	1
566264	2
566286	3
567126	4
567215	1
567366	3
567432	1
567747	1
567858	1
567884	1
567925	5
567933	1
568948	7
569060	3
569155	6
569240	7
569296	4
569675	1
569892	5
569909	6
569934	2
569980	2
570211	8
570278	1
570355	4
570452	5
570918	3
570980	5
571126	3
571357	4
571707	4
571717	1
571847	4
572096	5
572120	4
572193	2
572360	2
572383	1
572388	2
572463	3
572711	5
572792	4
573180	3
573232	3
573251	3
573263	3
573375	4
573455	1
573517	8
573536	8
573550	8
573596	7
573653	5
573728	4
573749	1
573856	1
573934	1
573970	1
574017	4
574278	1
574566	6
574667	7
574733	8
575107	1
575306	3
575606	1
575721	4
575838	4
575881	2
576182	1
576456	1
576467	5
576563	6
576604	1
576605	1
576728	5
576811	1
576907	1
577063	7
577203	7
577294	5
577511	1
577661	5
578136	4
578239	6
578259	1
578287	3
578405	1
578507	5
578515	4
579569	5
579702	5
579760	1
579848	5
580067	2
580506	6
580672	6
580915	1
581127	1
581721	5
581739	4
581795	4
581907	5
582148	4
582150	4
582207	4
582220	4
582300	5
582587	1
582594	1
582597	1
582603	1
582605	1
582609	1
582788	1
582819	5
582919	5
583461	5
583483	3
583618	4
583757	5
583856	5
583860	5
583901	6
584128	1
584153	1
584157	3
584158	5
584188	4
584415	3
584581	5
584774	1
584833	5
585289	5
585295	4
585815	4
586030	2
586072	1
586151	7
586513	4
587000	1
587077	5
587160	4
587402	5
587643	4
587984	5
588429	5
588612	1
588866	1
588959	1
588964	5
589089	4
589504	5
589580	6
589631	4
589646	4
589748	5
589766	1
589813	1
589822	1
589997	5
590051	5
590165	4
590179	5
590192	4
590430	4
590584	4
590631	3
590734	4
590759	5
590819	1
590834	5
590838	5
590898	5
591062	4
591175	1
591229	3
591491	6
591561	5
592125	1
592146	3
592278	1
592471	4
592475	1
592476	1
592483	4
592547	1
592567	1
592850	2
593115	7
593252	6
593289	6
593328	5
593558	1
593638	1
594144	1
594440	5
594827	4
594858	4
594920	4
594989	1
595274	1
595276	3
595338	4
595466	4
595747	3
595786	6
595927	2
596093	5
596182	1
596433	5
596452	1
596497	4
596697	4
596737	4
596738	4
596739	4
596740	4
596806	1
596980	5
597008	5
597180	4
597183	4
597184	4
597220	4
597257	4
597258	2
597260	4
597440	5
597522	1
597546	3
597554	3
597604	4
597637	1
597651	2
597660	6
597686	2
597722	3
597747	3
597797	7
597888	6
597898	6
598125	5
598350	7
598480	1
598602	1
598890	3
599047	5
599640	1
599660	1
600229	4
600320	1
600392	3
600506	4
600527	1
600685	5
600825	5
601297	1
601380	4
601576	1
601662	1
601681	1
601715	6
602109	1
602143	1
602184	3
602227	4
602321	1
602596	1
602659	1
602671	5
602687	5
602689	1
602994	6
603138	4
603330	4
603438	1
603629	1
603727	2
603741	5
603828	3
604154	4
604431	2
604513	5
604525	5
604606	4
604772	7
604784	5
604825	7
604844	1
605057	6
605301	5
605348	6
605864	4
605942	4
606064	1
606248	4
606299	7
606483	2
606574	5
606761	1
606800	1
606982	3
607441	5
607690	5
607829	3
608212	5
608303	4
608469	2
608532	6
608681	6
608952	1
609212	4
609333	1
609351	5
609743	6
609777	6
609960	4
610863	5
611268	2
611277	5
611280	5
611362	1
611376	1
611748	1
612213	2
612744	1
613094	3
613106	2
613150	5
613186	1
613789	5
614140	4
614372	3
614385	1
614658	1
614754	1
614800	4
615046	1
615137	1
615160	3
615320	2
615352	2
615774	4
615964	2
615991	5
616000	3
616285	3
616323	3
616403	2
616624	1
617027	3
617129	3
617393	2
617801	2
617891	5
617903	7
618137	5
618413	5
618471	1
618685	4
618890	6
618896	5
618995	7
619016	6
619206	5
619245	5
619332	4
619484	4
619527	5
619786	2
619895	5
620059	4
620198	7
620684	5
621462	3
621537	6
621845	3
621981	8
622162	6
622386	4
622410	4
622680	5
622784	5
622819	5
622929	4
623010	5
623114	4
623237	5
623310	4
623617	5
623700	6
624233	3
624313	4
624320	4
624400	5
624541	1
624586	2
624646	1
624837	5
624982	1
625025	5
625438	7
625599	6
625688	1
625711	1
625768	7
626149	1
626188	6
626230	1
626252	3
626274	6
626337	3
626378	3
626570	4
626629	4
626999	1
627014	4
627297	1
627389	1
627650	5
628103	1
628111	5
628291	1
628470	1
628605	1
628641	3
628823	3
628918	5
628956	3
629025	3
629061	5
629562	2
630084	2
630377	5
630466	1
631323	2
631472	2
631651	1
631895	1
632018	1
632077	4
632104	5
632241	5
632383	5
632956	5
633006	5
633023	5
633564	5
633797	5
633818	2
633846	6
634170	1
634178	6
634186	5
634238	4
634538	7
634847	2
635015	5
635341	6
635761	4
635787	4
635844	1
636283	3
636322	2
636341	3
636342	4
636343	4
636344	4
636345	4
636346	4
636347	4
636370	4
636377	2
636424	6
636570	1
636649	4
636706	6
636947	1
638370	5
638508	5
638601	6
638603	4
638861	4
638925	5
639102	7
639474	1
639893	5
639975	2
640009	6
640250	5
640426	5
640689	7
640717	1
640730	5
640760	1
641076	5
641226	1
641270	5
641310	5
641653	3
641917	5
641953	1
642544	5
642814	6
643052	4
643429	5
643646	5
644037	1
644263	4
644373	1
644524	4
644760	5
645017	6
645183	4
645237	4
645242	4
645353	5
645457	2
645618	1
645958	4
646118	5
646139	2
646457	5
646584	1
646983	1
647030	7
647072	7
647241	4
647324	6
647432	5
647462	1
647795	3
647810	4
647835	5
648240	1
648383	1
648425	5
648503	3
648566	3
648803	1
648916	2
648919	3
648922	1
648925	1
648929	5
648950	4
649109	4
649290	4
649294	4
649681	4
649699	4
649892	4
649968	6
649990	6
650144	2
650273	5
650292	4
650722	1
650937	5
651183	1
651271	1
651363	4
651468	5
651744	5
651855	6
652015	4
652017	7
652018	6
652056	6
652296	4
652539	1
652630	6
652666	3
652767	6
652811	6
652860	6
652945	7
653635	4
653819	4
653823	5
653854	4
653976	2
654072	1
654073	1
654118	1
654423	5
654603	3
654622	1
654630	1
655041	5
655276	6
655379	1
655695	4
655790	6
656253	4
656509	1
656517	5
656563	5
656634	4
656766	7
656778	6
657043	6
657082	6
657267	6
657371	4
657397	5
657435	5
657725	1
658200	1
658467	5
658696	7
658788	3
659143	5
659328	1
659434	7
659534	1
659669	1
659718	1
659854	3
660020	1
660058	1
660456	6
660520	6
660635	5
660686	1
660739	1
661110	4
661179	4
661288	1
661613	5
662081	3
662302	5
662399	1
662437	5
662802	1
664138	4
664397	5
664401	5
664487	4
664573	5
665179	5
665195	5
665335	6
665386	2
665428	3
665447	3
665507	5
665790	3
665802	3
665964	5
666470	1
666804	4
666950	4
667197	1
667248	7
667289	5
667726	6
667807	6
667872	3
668226	1
668303	5
668521	5
668708	4
669016	3
669059	4
669074	4
669397	5
669461	4
669527	1
669616	5
669939	1
670236	4
670476	2
670616	3
670668	3
670695	4
670777	4
670981	4
670987	4
671387	4
671513	1
671663	6
671930	1
672042	5
672358	5
672730	5
672912	6
673098	1
673106	1
673138	4
673335	1
673362	5
673419	5
673430	1
673433	5
673472	1
674104	4
674136	5
674235	5
674624	6
674647	1
674687	1
675219	1
675220	1
675234	1
675453	4
675549	6
675717	7
675731	6
675878	6
675983	6
676255	6
676356	1
676476	4
676675	1
676803	6
677083	5
677448	2
677515	3
677621	5
677739	4
677812	5
677841	5
677973	5
678018	5
678301	6
678347	1
678364	5
678381	5
678569	1
678746	7
678846	7
678911	7
679650	6
679690	4
679981	5
680034	4
680208	4
680495	1
680498	1
680500	1
680611	4
680978	4
681005	5
681059	1
681142	5
681210	5
681266	4
681422	4
681446	4
681454	5
681471	1
681590	4
681602	2
681638	3
681713	1
681729	1
681796	5
681995	5
682049	5
682058	5
682177	4
682221	3
682285	3
682290	3
682298	3
682303	3
682306	3
682418	3
682502	5
682521	4
682634	4
682674	3
682701	3
682717	3
682872	5
682938	5
682979	5
683063	5
683252	4
683331	4
683340	5
683458	4
683459	4
683460	4
683529	5
683545	6
683623	1
683637	7
683652	7
683768	6
683817	6
683880	5
683952	6
684004	6
684081	6
684100	3
684144	1
684147	7
684261	7
684262	4
684265	2
684361	5
684364	5
684367	5
684406	3
684446	4
684496	5
684505	5
684517	6
684543	6
684553	6
684563	1
684583	7
684802	5
684850	5
684931	5
684955	5
685041	1
685171	4
685192	4
685305	1
685326	5
685331	4
685358	3
685554	1
686121	2
686184	5
686304	6
686363	4
686431	3
686502	1
686552	3
686561	3
686627	3
686630	3
686780	5
686783	5
686856	5
686864	5
686872	5
686882	5
686895	5
687038	3
687098	5
687135	4
687220	6
687325	1
687387	6
687458	7
687679	4
687686	4
687775	7
687792	5
687964	5
688083	3
688134	3
688483	1
688637	4
688826	1
688947	1
688982	5
689119	1
689206	4
689367	3
689385	1
689586	5
689649	5
689705	5
689755	6
690000	4
690235	1
690242	6
690243	6
690387	5
690388	5
690389	5
690390	5
690391	5
690392	5
690449	4
690755	3
691047	7
691350	5
691568	1
691954	1
692236	1
692633	5
692917	1
692932	1
693239	4
693391	7
693527	5
693750	1
694295	1
694297	1
694466	1
694472	1
694786	5
694976	4
694987	7
696107	3
696167	1
696320	4
696674	3
696798	1
696881	4
697243	1
697299	6
697335	5
697339	5
697344	5
697370	1
697407	4
697480	4
697542	1
697566	1
697783	5
697808	5
697908	4
697985	7
698109	5
698166	7
698192	4
698197	5
698273	4
698287	4
698414	6
698519	7
698522	3
698570	6
698604	2
698639	7
698723	5
698788	1
698984	2
699059	1
699083	4
699377	4
699533	6
699551	6
699581	5
699605	4
699611	5
699613	5
699616	5
699620	5
699626	5
699692	6
699755	5
699981	5
699996	4
699998	1
700009	2
700010	2
700020	1
700022	2
700024	1
700400	1
700406	1
700427	4
700430	4
700436	4
700439	3
700448	17
700450	3
700451	6
700453	6
700454	3
700460	6
700461	6
700463	6
700466	6
700499	7
700589	6
700868	5
700876	6
700883	6
700898	5
700901	5
700908	6
700909	6
700961	6
700979	6
700985	6
700988	7
701002	8
701050	9
701071	6
701083	6
701126	5
701129	5
701133	2
701134	2
701138	3
701141	3
701144	2
701145	3
701146	3
701150	3
701152	3
701216	4
701219	4
701221	5
701222	5
701223	5
701236	17
701237	17
701242	2
701243	2
701248	6
701342	7
701376	7
701393	6
701440	7
701576	3
702028	5
702223	6
702550	6
702553	5
702604	6
702646	7
703099	1
703121	1
703133	5
703175	2
703377	1
703422	3
703570	1
703727	5
703919	4
703930	2
703959	4
703992	1
704117	1
704155	1
704281	6
704285	6
704312	5
704313	5
704372	5
704495	5
704557	5
704567	4
704591	1
704722	4
704993	1
705403	6
705742	5
705782	4
705798	1
705840	3
706375	4
706395	3
706477	1
706482	1
707165	5
707324	5
707584	3
707737	5
707748	5
707752	1
707934	5
708017	5
708153	5
708156	6
708157	6
708158	5
708161	6
708162	5
708166	6
708172	6
708181	5
708182	4
708186	5
708190	3
708192	4
708195	3
708196	4
708217	4
708220	5
708226	1
708245	2
708251	1
708259	7
708265	4
708396	5
708481	4
708484	4
708488	28
708490	29
708493	25
708494	8
708495	16
708499	3
708500	3
708507	2
708508	1
708510	1
708514	1
708592	1
708613	3
708622	1
708732	8
708740	7
708741	7
708742	7
708743	7
708745	7
708855	7
708916	5
708917	3
708920	5
709025	1
709041	1
709085	1
709423	4
709464	3
709514	3
709674	1
709818	1
709860	5
709899	5
709935	5
709956	5
709959	5
710011	1
710017	1
710055	1
710157	6
710164	6
710172	5
710183	5
710255	6
710257	6
710277	6
710280	6
710289	6
710353	1
710477	1
710637	6
710638	5
710639	5
710718	3
710771	4
710825	4
710864	5
710957	6
711036	4
711203	5
711219	1
711221	6
711224	6
711239	6
711258	6
711290	6
711326	6
711370	6
711407	6
711473	5
711602	6
711618	1
711703	1
711704	4
711737	5
711780	1
711824	4
711889	3
712094	5
712249	1
712298	3
712482	5
712552	4
712845	5
713016	1
713313	1
713374	3
713375	3
713376	3
713377	3
713753	4
713757	4
713807	5
713819	5
713828	1
713835	1
714007	1
714994	1
715008	1
715180	1
715535	4
715621	4
715626	1
715885	4
716365	5
716545	3
716547	3
717022	6
717078	5
717602	4
718582	4
718761	4
718785	1
718873	1
718906	1
719369	4
719515	3
719544	1
719668	2
719698	4
719814	5
719894	1
719907	1
720088	3
720123	1
720162	5
720192	4
720254	1
720418	5
720432	1
720471	2
720501	4
720561	4
721305	3
721574	6
721811	1
721921	5
722024	2
722456	4
722562	5
722905	1
723092	1
723152	2
723780	5
724007	5
724152	5
724338	6
724382	1
724446	3
724522	1
724588	3
724607	3
724634	3
724744	4
724875	4
724941	4
725097	1
725110	3
725117	3
725150	4
725177	1
725184	3
725233	4
725403	6
725439	1
725741	2
725746	5
725833	1
725886	4
725968	3
725979	3
726020	4
726064	4
726085	4
726101	5
726128	5
726294	5
726335	5
726348	4
726529	1
726724	3
726964	4
727061	1
727308	4
727313	4
727315	5
727318	5
727320	6
727324	4
727327	5
727330	2
727335	4
727355	1
727366	2
727392	1
727437	1
727629	1
727652	1
727700	1
727896	4
728058	5
728096	4
728125	1
728211	5
728269	1
728298	10
728699	4
728703	1
728918	3
729044	3
729332	6
729433	5
729481	5
729722	5
729849	6
729912	1
730033	1
730207	6
730243	1
730435	7
730466	7
730558	5
730771	5
730966	1
731155	8
731166	1
731175	1
731329	4
731459	4
731721	5
732075	1
732402	6
732506	4
732525	2
732989	6
733005	6
733029	4
733092	4
733110	4
733123	4
733146	4
733170	4
733173	4
733212	4
733221	5
733224	5
733293	4
733320	3
733323	3
733415	4
733434	4
733500	4
733566	4
733581	4
733590	1
733617	4
733651	4
733919	3
733935	3
734048	4
734057	5
734099	5
734219	5
734249	5
734318	5
734394	7
734450	6
734462	6
734498	5
734540	3
734576	4
734591	5
734594	5
734621	5
734699	5
734714	5
734750	4
734753	4
734784	3
734828	4
734861	4
734873	4
734876	4
734952	2
735128	2
735215	6
735239	6
735245	6
735294	6
735392	5
735423	2
735445	5
735447	6
735450	6
735457	5
735528	5
735553	4
735557	4
735570	4
735590	4
735617	4
735688	4
735715	5
735850	5
735872	1
735879	5
735947	5
735963	4
735964	5
736027	5
736105	6
736111	7
736126	6
736144	6
736174	6
736210	7
736261	5
736269	5
736288	6
736306	5
736336	6
736448	7
736451	9
736521	7
736544	7
736549	7
736551	8
736553	1
736559	6
736560	6
736568	5
736570	5
736575	5
736578	3
736580	3
736582	4
736592	4
736596	5
736597	5
736599	5
736606	5
736609	4
736612	4
736614	3
736616	3
736641	4
736676	4
736682	1
736686	4
736732	4
736815	4
736930	3
736946	3
736994	3
737094	1
737112	1
737194	1
737208	2
737272	4
737282	2
737283	1
737284	1
737317	4
737361	5
737493	4
737515	4
737562	5
737601	5
737607	5
737628	5
737636	5
737673	5
737691	7
737692	1
737775	3
737817	6
737841	6
737916	5
737993	5
738058	5
738069	5
738084	5
738087	5
738096	5
738106	5
738192	5
738195	5
738297	5
738303	5
738330	5
738362	2
738543	5
738821	1
738986	2
739129	2
739165	1
739628	4
739689	4
739716	5
739833	6
739885	1
739965	5
740164	3
740370	5
740505	5
740579	4
740778	4
740831	7
740860	1
741283	1
741373	6
741374	7
741464	7
741476	7
741527	6
741530	6
741540	1
741605	6
741609	6
741626	5
741635	5
741649	6
741650	6
741662	6
741674	5
741701	9
741702	8
741703	32
741704	3
741718	2
741803	5
741848	6
741872	6
741879	6
741941	6
741962	6
741980	6
741983	6
742008	6
742054	6
742062	7
742064	6
742202	7
742236	6
742237	6
742262	6
742283	6
742310	6
742313	6
742337	5
742343	5
742392	5
742393	5
742446	4
742448	5
742475	4
742577	6
742581	6
742613	6
742625	6
742628	5
742674	4
742676	4
742923	1
743229	1
743397	1
743496	7
743571	4
743652	4
743909	6
744065	1
744142	7
744171	1
744246	6
744310	5
744327	5
744351	5
744381	5
744390	5
744417	5
744435	6
744450	6
744510	5
744524	7
744590	6
744658	6
744668	6
744671	5
744674	6
744683	6
744693	6
744724	4
744725	4
744732	4
744740	4
744780	5
744781	5
744782	5
744785	5
744794	5
744797	5
744800	5
744809	5
744828	4
744850	4
744855	5
744869	6
744905	5
744974	7
744981	6
744998	6
745015	6
745026	7
745034	7
745044	7
745064	7
745080	8
745082	8
745090	9
745102	9
745104	8
745120	6
745149	7
745185	5
745190	5
745209	4
745246	5
745762	2
745858	2
746242	3
746309	2
746340	6
746341	5
746347	4
746363	5
746375	4
746404	5
746411	6
746412	6
746416	6
746421	1
746456	7
746458	7
746463	6
746465	6
746471	7
746474	5
746484	6
746485	7
746497	8
746498	8
746503	8
746513	7
746514	7
746515	4
746531	6
746592	4
746626	5
746631	5
746633	3
746649	5
746660	5
746661	5
746723	1
746779	7
746830	5
746837	4
746874	5
746905	6
746914	6
746944	5
746948	5
746998	6
747037	7
747056	7
747069	7
747079	8
747080	8
747081	6
747085	8
747088	9
747094	1
747110	9
747119	5
747124	5
747127	5
747128	5
747137	8
747155	7
747160	7
747187	6
747194	6
747214	6
747232	6
747250	5
747259	7
747286	6
747295	6
747311	6
747321	7
747329	8
747343	6
747382	7
747385	7
747394	6
747400	6
747412	7
747433	6
747436	6
747491	7
747492	6
747526	5
747535	5
747544	6
747613	7
747619	6
747658	6
747751	5
747757	5
747808	5
747811	5
747828	5
747859	5
747970	6
747986	8
748012	8
748030	7
748048	6
748054	1
748070	8
748124	3
748129	5
748268	5
748288	6
748343	1
748363	7
748399	7
748407	8
748408	6
748427	5
748495	5
748541	5
748552	5
748584	5
748591	1
748600	5
748611	5
748615	5
748632	5
748650	6
748653	7
748671	7
748689	5
748696	6
748701	3
748730	7
748744	5
748755	7
748756	7
748761	7
748764	4
748767	5
748770	3
748794	4
748806	3
748809	3
748812	3
748842	5
748854	3
748860	2
748863	2
748869	3
748875	2
748878	2
748884	1
748887	1
748890	1
748893	1
748900	3
748911	5
748913	6
748920	7
748935	3
748941	6
748956	5
748959	6
748995	5
749010	5
749058	4
749061	4
749070	5
749112	5
749121	5
749184	5
749185	5
749220	5
749235	4
749253	5
749256	5
749275	4
749277	5
749295	4
749340	4
749349	5
749355	6
749358	6
749361	5
749376	6
749391	6
749397	5
749400	5
749415	5
749604	4
749655	4
749657	4
749661	4
749715	5
749759	5
749766	4
750128	7
750311	5
750336	2
750433	5
750501	5
750565	5
750580	5
750583	5
750585	4
750649	5
750685	5
751138	7
751142	7
751176	5
751245	3
751287	4
751356	5
751362	5
751380	5
751482	6
751543	1
751672	6
752310	1
752390	4
752396	5
752749	4
752804	5
752824	4
752875	6
752932	5
753110	6
753148	4
753172	5
753232	6
753373	5
753388	5
753394	5
753400	5
753502	1
753524	4
753546	4
753630	5
753732	5
753750	4
753804	5
753834	4
753948	3
753972	3
754121	5
754156	5
754161	5
754170	4
754188	4
754206	4
754218	4
754221	4
754335	3
754569	1
755081	5
755205	6
755218	3
755240	5
755250	5
755283	2
755307	3
755370	3
755381	2
755397	3
755412	5
755543	5
755675	4
755825	4
755872	3
755884	4
755892	4
755918	5
755933	5
756077	3
756147	3
756277	1
756360	5
756377	1
756550	5
756607	1
756709	4
756776	3
756979	6
757385	1
757837	3
757891	2
758345	7
758465	6
758486	6
758620	6
758644	1
758705	6
758941	6
758988	1
759215	3
759297	4
759361	4
759490	4
759627	5
759689	4
759771	4
759915	5
760024	6
760082	5
760094	3
760241	4
760284	4
760287	4
760422	4
760601	5
760714	1
760730	4
760833	1
760941	4
761408	3
761540	3
761543	3
761613	1
761860	2
762192	1
763131	1
763823	2
763997	1
764031	1
764505	3
764514	3
764562	1
764586	4
764700	7
765006	5
765196	1
765238	5
765382	6
765539	3
765606	1
765622	6
766228	3
766243	5
766448	4
766610	1
766686	3
766713	3
766784	1
766992	1
767259	6
767278	1
767566	5
767654	1
767725	6
767759	1
768039	4
768041	4
768087	2
768397	4
768562	5
768563	2
768602	2
768745	1
768819	2
768836	4
768839	4
768860	4
768904	5
768906	5
768966	2
769252	4
769278	3
769601	2
769963	2
770215	5
770226	4
770282	1
770626	2
770646	2
770674	2
770697	2
770739	4
770743	3
770766	3
770768	3
770773	3
770777	3
770781	2
770790	3
770815	6
770823	6
770877	2
770884	2
770895	6
770934	3
770937	3
770946	4
770951	3
770979	4
771018	3
771021	3
771042	3
771045	4
771063	4
771066	4
771096	6
771151	2
771165	5
771168	3
771174	5
771238	4
771252	4
771267	4
771279	4
771288	4
771290	3
771297	3
771328	3
771342	3
771345	3
771372	3
771414	4
771429	4
771450	4
771501	2
771522	2
771540	2
771546	2
771549	2
771579	2
771606	2
771819	1
771834	5
771870	4
771945	4
771966	3
771991	4
772017	4
772041	3
772054	4
772062	1
772098	4
772134	3
772194	3
772245	3
772251	3
772263	3
772266	3
772269	3
772272	3
772278	3
772290	3
772293	3
772309	3
772317	3
772320	3
772356	3
772422	3
772431	2
772446	2
772458	1
772467	1
772488	1
772536	1
772575	1
772612	2
772626	2
772698	5
772725	2
772727	1
772764	2
772899	2
773175	2
773327	2
773390	4
773619	6
773644	2
773650	2
773670	2
773749	3
773833	3
773835	3
773842	3
773857	4
773909	4
773929	5
773980	5
774004	3
774022	5
774034	5
774058	5
774067	5
774085	5
774091	5
774141	3
774163	5
774166	5
774175	5
774219	3
774232	4
774234	6
774235	6
774241	6
774259	1
774286	7
774313	5
774345	5
774349	5
774352	5
774362	6
774370	6
774372	6
774391	6
774421	4
774433	4
774437	3
774444	4
774457	4
774583	6
774592	4
774607	4
774689	4
774701	5
774704	5
774716	5
774724	4
774767	4
774779	4
774794	4
774980	2
774982	2
774983	2
774989	2
774998	2
775022	2
775049	1
775055	1
775064	1
775070	1
775072	1
775103	2
775112	4
775115	1
775122	7
775127	1
775132	3
775167	1
775173	2
775212	1
775429	4
775430	4
775466	4
775648	3
775707	4
775719	4
775737	4
775770	4
775782	4
775791	4
775812	6
775818	5
775824	6
775836	5
775857	5
775860	5
775863	4
775869	4
775872	4
775874	1
775880	6
775890	4
775896	3
775917	3
775926	4
775934	6
775936	6
775965	2
775968	2
775973	4
775986	3
776007	4
776010	4
776013	4
776016	3
776025	3
776034	3
776038	4
776039	2
776043	2
776058	1
776071	1
776086	2
776129	5
776162	3
776261	6
776262	6
776360	6
776447	3
776456	3
776509	4
776534	2
776536	5
776552	5
776653	2
776701	3
776742	3
776747	3
776880	5
776964	2
776972	4
776995	6
777005	3
777014	3
777036	6
777042	5
777047	2
777053	2
777068	2
777125	1
777128	2
777140	2
777146	2
777159	2
777161	3
777164	4
777167	4
777176	4
777191	6
777197	5
777203	6
777209	6
777212	6
777216	6
777224	7
777227	7
777232	6
777254	8
777263	9
777272	8
777274	5
777299	9
777317	8
777327	4
777332	4
777338	4
777355	4
777374	11
777377	10
777382	8
777383	10
777398	3
777401	3
777404	3
777405	2
777423	1
777425	2
777437	2
777449	4
777452	4
777470	7
777471	6
777482	6
777488	4
777506	4
777530	4
777533	4
777554	5
777560	6
777575	4
777578	5
777584	5
777590	5
777642	5
777644	1
777674	5
777697	4
777705	6
777706	6
777709	6
777739	6
777754	6
777756	6
777763	6
777775	6
777788	7
777796	7
777799	8
777816	6
777821	7
777826	6
777847	4
777856	3
777867	4
777880	4
777883	4
777898	3
777904	4
777910	5
777913	4
777916	5
777919	5
777943	5
777949	4
777955	4
777967	5
777973	5
777982	5
777985	6
778006	6
778021	6
778023	6
778054	5
778069	5
778075	5
778090	5
778092	4
778104	5
778135	4
778156	5
778180	5
778186	5
778195	5
778207	5
778222	6
778237	5
778240	5
778249	5
778276	4
778307	4
778315	4
778316	4
778318	4
778325	4
778338	4
778358	4
778360	4
778366	4
778417	4
778423	8
778424	5
778425	34
778450	5
778493	4
778500	6
778503	6
778549	4
778552	4
778553	3
778684	3
778691	1
778692	1
778696	1
778733	1
778737	7
778752	2
778756	3
778757	3
778800	1
778801	2
778821	2
778841	2
778845	2
778856	3
778863	2
778865	2
778909	2
778963	6
778971	4
778972	5
779010	5
779017	1
779020	4
779029	4
779041	3
779044	14
779047	9
779048	9
779049	11
779052	10
779053	3
779056	1
779076	6
779137	1
779146	1
779149	1
779158	3
779161	1
779163	2
779164	2
779166	2
779173	1
779179	3
779218	3
779220	1
779230	3
779235	3
779251	1
779275	1
779281	2
779284	2
779288	1
779290	2
779291	1
779293	1
779296	2
779306	1
779308	2
779326	1
779328	1
779374	1
779395	1
779476	1
779485	1
779487	1
779488	2
779491	2
779493	1
779503	1
779506	1
779508	1
779509	1
779548	1
779550	1
779553	1
779563	2
779564	2
779576	1
779581	1
779584	1
779587	1
779590	1
779621	2
779626	3
779632	3
779635	3
779637	3
779646	3
779665	3
779690	1
779695	1
779701	4
779713	4
779716	4
779719	4
779728	1
779729	1
779730	1
779734	1
779737	1
779743	1
779766	2
779775	2
779777	2
779778	1
779789	1
779790	3
779792	2
779801	3
779802	3
779803	3
779804	4
779806	3
779812	3
779814	5
779815	9
779818	5
779833	7
779863	8
779866	8
779875	5
779877	4
779907	4
779929	6
779932	1
780129	2
780344	1
780530	2
780533	2
780534	2
780635	4
780637	4
780638	1
780640	5
780687	6
780700	5
780701	1
780824	2
780883	3
780886	3
780919	3
780946	4
780973	3
781034	1
781054	6
781084	4
781093	1
781111	6
781114	6
781217	2
781229	5
781269	3
781306	6
781309	6
781317	2
781325	2
781359	2
781516	5
781652	4
781685	5
781714	6
781753	4
781996	4
782188	5
782210	2
782221	4
782230	4
782242	4
782245	4
782365	6
782378	5
782541	4
782719	4
783059	3
783184	4
783359	5
783447	1
783556	4
783559	4
783562	4
783563	4
783619	4
783625	4
783868	5
783924	5
784363	6
784393	1
784433	1
784492	6
784576	5
784612	4
784684	4
784948	5
784958	4
784983	5
785086	5
785090	4
785110	1
785154	1
785189	3
785286	4
785420	2
785437	3
785454	4
785500	3
785539	3
785552	3
785653	5
785671	5
785680	4
785740	5
785758	5
785842	4
786169	6
786521	1
786547	7
786769	4
786934	7
786987	7
787062	6
787101	4
787104	5
787153	5
787158	5
787245	3
787390	4
787588	5
787722	5
787747	4
787818	5
787836	5
787839	5
787856	5
787866	5
788265	5
788293	5
788373	5
788418	5
788436	5
788442	5
788443	5
788475	6
788493	1
788553	4
788599	4
788676	4
788694	5
788854	6
788872	6
788890	6
788944	7
789002	7
789067	6
789139	5
789164	6
789171	7
789284	2
789358	5
789405	1
789526	6
789537	1
789541	5
789553	1
789562	1
789781	5
789850	5
789859	5
789871	5
789936	6
789940	1
789943	6
789947	6
790020	6
790025	7
790044	8
790053	8
790180	6
790196	6
790198	6
790252	6
790253	6
790273	6
790285	6
790402	3
790420	4
790516	3
790522	3
790669	4
790725	2
790753	4
790755	4
790852	1
790887	5
790935	1
791021	6
791027	7
791036	6
791045	6
791075	6
791084	5
791264	5
791371	6
791516	6
791519	6
791555	4
791564	4
791573	4
791576	4
791582	3
791585	3
791597	4
791600	4
791627	4
791651	4
791720	4
791738	4
791841	3
791865	5
792003	3
792306	5
792591	5
792656	2
792719	4
792727	1
792940	1
793157	1
793516	2
793556	1
793622	6
793796	4
794043	4
794054	7
794103	5
794181	1
794239	1
794253	2
794690	2
794855	4
795053	6
795111	4
795118	4
795139	2
795168	2
795319	4
795637	5
795995	1
796050	6
796249	1
796451	2
796481	3
796518	5
796563	5
796574	5
796631	3
796649	2
796655	2
797026	6
797039	2
797081	5
797165	2
797166	2
797193	4
797229	5
797230	5
797234	5
797241	5
797268	5
797395	4
797433	4
797733	2
798274	3
798285	5
798323	5
798329	1
798382	5
799117	3
799145	1
799261	4
799335	1
799353	1
799794	1
799797	6
799805	6
799813	2
800038	4
800431	1
800479	1
800482	3
800515	3
800539	2
800635	4
800713	4
800788	1
800905	3
801274	4
801595	1
801963	3
802047	3
802090	4
802181	1
802193	1
802319	1
802346	1
802432	3
803123	4
803182	4
803211	4
803400	3
803637	4
803698	4
803702	1
804066	4
804189	3
804201	1
804208	3
804264	2
804335	2
804655	4
804817	3
804833	1
804877	1
804933	8
805720	3
805746	2
805749	1
806077	6
806097	3
806223	1
806694	4
806790	1
807043	1
807271	4
807411	4
807525	3
807930	1
807959	4
808251	3
809844	1
809861	1
809865	1
809875	1
809887	1
809905	1
810576	4
810670	3
810685	1
810718	1
810723	1
811020	3
811397	2
811640	4
812567	1
813045	2
813210	3
813267	3
813548	1
814066	1
814266	4
814292	4
814806	1
814954	4
816081	2
817902	1
818426	5
818430	1
818795	3
818913	1
819296	4
819431	1
819487	2
819778	3
819792	4
820024	1
820062	1
820688	5
820690	3
820717	1
821095	7
821184	6
821209	1
821211	4
821212	4
821242	4
821415	2
821421	1
821433	1
821511	3
821580	6
822014	5
822152	4
823019	4
823045	2
823769	4
824008	1
824186	5
824425	4
824624	1
824897	4
824977	7
825509	1
825543	3
825559	3
825656	4
825692	3
826168	1
826250	1
826306	4
826436	5
826460	5
826601	5
826920	4
827227	4
827239	4
827392	4
827513	4
827539	4
827550	1
827814	1
827883	1
827934	3
828230	1
828280	5
828321	1
828519	5
828545	6
828596	6
828837	4
828865	3
828879	4
828884	5
828890	5
828891	1
828894	4
828897	4
828908	2
828912	1
828918	2
828920	1
828924	1
828932	3
829349	3
829639	3
830274	1
830308	2
830318	2
830411	3
830686	1
830688	3
830709	4
830964	3
831122	3
831139	4
831279	1
831353	1
831368	5
831592	1
831602	1
831716	4
831778	3
831889	3
832400	4
832499	7
832897	4
832942	2
833001	3
833058	5
833448	1
833494	3
833553	1
833572	4
833656	1
833670	1
833959	1
834205	1
834357	4
834502	3
834617	1
834658	2
834713	2
834835	1
836140	3
836156	3
836228	3
836290	4
836637	1
836719	1
837100	4
837326	4
837562	1
837644	4
838021	4
838335	5
838377	5
838425	4
838530	1
838554	3
838765	1
838774	3
839268	2
839466	1
839480	1
839954	4
839970	1
840064	1
840281	5
840380	1
841051	1
841259	4
841298	1
841463	2
841696	1
841723	3
842030	2
842090	4
842108	4
842172	1
842188	4
842271	4
842357	4
842514	4
842685	2
842708	1
842784	6
843240	6
843278	4
843328	5
843544	1
843667	1
843715	4
843798	2
843815	1
843964	4
844015	1
844148	1
844189	4
844612	3
845000	3
845119	4
845288	5
845307	6
845381	3
845461	1
845572	4
845574	4
845678	3
845810	3
845927	1
845961	1
846035	1
846088	1
846105	1
846277	1
846361	5
846592	2
846689	2
846723	1
847011	4
847059	3
847307	3
847555	3
847563	4
847848	3
847886	1
847925	3
847949	3
847974	3
848373	3
848514	4
848631	4
848928	4
849216	3
849278	5
849621	1
849777	3
850135	1
850279	2
850286	1
850307	1
850368	2
850443	1
850520	4
850598	2
850663	2
850664	6
850694	2
850886	1
851078	1
851081	4
851168	1
851623	3
851632	3
852260	1
852272	4
852304	4
852323	1
852421	4
852474	4
852617	4
852626	3
852694	4
852758	1
852802	1
853208	2
853616	2
853664	2
853683	5
853694	4
853830	4
853834	2
853850	5
853884	2
853923	3
853954	5
853994	5
854206	5
854208	5
854229	8
854301	1
855005	1
855389	4
855399	5
855646	2
855726	3
856210	6
856244	5
856424	1
856429	1
856437	1
856447	1
856449	1
856451	1
856455	1
856457	1
856515	1
856962	1
857202	5
857515	3
857619	2
857846	2
858104	5
858416	1
858435	1
858438	1
858441	1
858450	3
858458	4
858459	1
858461	3
858486	5
858503	3
858506	9
858521	2
858533	3
858541	2
858544	7
858561	6
858579	6
858583	1
858584	10
858585	3
858591	7
858592	2
858593	1
858595	1
858601	6
858602	4
858603	1
858606	8
858607	8
858608	1
858609	6
858613	1
858622	2
858644	2
858650	3
858651	6
858653	1
858656	4
858971	3
859063	5
859148	11
859151	44
859152	1
859153	2
859154	2
859157	3
859159	2
859202	4
859279	1
859345	1
859386	4
859509	4
859511	3
859656	1
859758	1
859843	1
860044	1
860048	1
860055	1
860085	4
860286	3
860356	2
860818	3
860848	3
861001	1
861110	5
861326	2
861351	1
861408	1
861692	7
861807	1
861905	3
862057	2
862291	1
862321	1
862360	1
862516	1
862681	1
862893	1
862955	1
863367	1
863766	1
864189	3
864536	6
864661	4
864903	4
864991	1
865102	5
865378	1
866036	2
866118	3
866193	4
866371	1
866505	3
866585	4
866680	4
866751	5
866804	5
866912	1
867043	5
867307	1
867655	2
868201	1
869108	4
869213	4
869230	1
869289	3
869648	7
869942	1
870038	1
870191	1
870341	3
870365	2
870541	5
870580	5
870925	1
870927	1
871148	5
871237	1
871448	5
871790	5
872317	3
872540	1
872617	1
872637	5
872727	6
872832	6
872978	1
872984	1
872998	1
873002	1
873012	2
873015	1
873023	1
873025	1
873032	3
873038	3
873043	4
873045	3
873053	5
873060	3
873097	5
873109	5
873214	3
873417	5
873471	5
873479	5
873631	5
873632	6
873712	1
874106	3
874197	1
874276	5
874384	5
874508	1
874540	6
874630	4
874846	5
875047	5
875250	3
875334	1
875446	7
875532	1
875639	7
875678	1
875707	6
875773	4
875824	4
875876	4
875880	2
875896	4
875930	4
875969	3
876000	4
876040	6
876252	5
876254	5
876275	7
876279	1
876347	1
877051	2
877435	4
877445	4
877692	3
877772	4
878052	1
878256	6
878290	5
879248	4
879561	3
879665	2
879892	2
879981	1
880150	4
880443	1
880462	1
880477	1
880481	1
880483	2
880484	2
880487	1
880496	2
880504	2
880505	1
880532	5
880549	1
880552	5
880556	1
880590	5
880607	3
880625	3
880630	4
880637	3
880638	1
880639	1
880647	2
880648	1
880651	1
880652	3
880653	2
880654	1
880655	2
880659	1
880660	1
880697	1
880702	1
880727	4
881016	2
881108	4
881193	10
881196	39
881197	1
881198	3
881202	3
881204	1
881247	4
881408	1
881602	1
881730	5
881742	1
881995	6
882015	6
882305	1
882489	5
882736	1
883086	5
883161	4
883389	4
883432	3
883441	4
883884	1
883980	7
884154	6
884162	1
884258	7
884354	7
884476	5
884482	5
884499	3
885321	6
885420	1
885447	6
886025	1
886107	3
886343	4
886423	4
886436	4
886476	5
886745	5
887172	5
887502	6
887739	3
888066	4
888405	4
888451	7
888501	1
888612	4
888710	1
888792	1
888833	5
888885	5
889019	5
889429	6
889767	1
890181	6
890478	5
890696	1
890772	7
890884	6
890893	2
891084	4
891170	4
891303	3
891449	4
891629	4
891779	5
891977	6
892046	7
892372	3
892412	1
892433	4
892659	4
892675	4
892736	4
892765	4
892852	4
892873	3
893056	7
893125	5
893206	4
893293	6
893311	7
893356	6
893365	6
893375	6
893390	5
893407	5
893422	5
893436	6
893488	6
893521	5
893528	5
893662	6
893707	7
893905	1
893927	5
894045	3
894047	3
894359	4
894717	3
895180	5
895221	6
895296	5
895317	5
895320	5
895341	6
895407	5
895434	5
895852	1
895966	5
895991	5
896040	5
896091	3
896112	3
896118	3
896121	3
896122	3
896658	6
896775	4
896857	1
897011	4
897030	1
897283	3
897326	3
897408	1
897565	4
897682	1
897771	6
897806	5
897986	6
898073	2
898091	4
898189	1
898450	4
898487	4
898658	4
898693	1
898735	2
898760	1
898855	4
898960	5
898981	6
899057	5
899244	5
899323	1
899425	6
899866	1
899933	5
900639	1
900712	1
900774	5
900796	1
900804	1
901068	1
901445	1
901853	1
901930	3
901979	6
902170	5
902173	5
902249	5
902285	1
902328	1
902513	1
902555	3
902789	4
903215	4
903247	4
903279	1
903378	1
903442	1
903529	4
903583	4
904046	1
904055	1
904057	1
904100	1
904113	2
904457	6
904661	6
905254	1
905297	5
905476	5
905589	5
905627	4
905661	3
905692	3
905977	2
906040	6
906326	1
906535	5
906544	2
906733	6
906736	6
906980	4
907107	1
907117	5
907268	5
907585	3
907667	2
907673	5
907872	4
908184	5
908528	1
908662	4
908691	4
908816	5
908933	4
909535	1
909547	4
909558	2
909578	3
909584	1
909620	5
909741	4
909754	4
910036	5
910047	5
910054	1
910105	2
910261	6
910262	1
910577	5
910607	4
910687	1
910689	1
910714	1
911059	6
911071	6
911080	2
911169	2
911370	7
911584	5
911669	4
911756	7
911758	6
911782	7
911833	8
911859	7
911885	7
911986	6
912105	1
912247	5
912317	1
912372	1
912395	4
912643	3
913096	4
913152	1
913153	5
913221	7
913232	7
914257	5
914356	4
914539	5
914774	6
914948	5
915049	1
915065	1
915154	5
915277	6
915546	2
915551	2
915574	6
915871	5
915947	6
915986	1
916029	7
916150	6
916255	1
916400	4
916460	7
916474	1
916507	8
916514	6
916539	1
917075	1
917129	5
917841	7
918050	5
918184	6
918249	1
919198	6
919217	1
919227	1
919532	4
919544	3
919592	5
920166	4
920288	5
920292	5
920459	4
920630	4
920711	7
920726	7
920958	3
921028	3
921205	5
921206	5
921221	1
921232	3
921375	5
921423	5
921499	6
921800	4
921860	4
921939	5
921956	5
922170	4
922330	4
922659	5
923190	3
923216	4
923876	1
924108	1
924411	6
924428	5
924953	7
925336	4
925489	3
925676	5
925888	1
925951	1
926114	5
926156	5
926302	1
926482	1
926831	1
927073	6
927399	5
927788	1
928285	4
928358	4
928520	5
928660	6
928753	1
928858	7
928948	7
929115	1
929340	1
929686	7
929741	5
929792	6
930015	7
930150	5
930314	7
930365	5
930437	7
930496	7
930532	8
931332	5
931504	8
931627	5
931629	6
931760	1
931811	7
931821	6
931979	4
932419	3
932471	5
932500	5
932547	1
932641	5
932826	6
932894	5
933038	4
933062	4
933095	4
933260	4
933295	4
933445	1
933526	1
933967	1
934255	1
934702	5
934749	5
934910	6
935232	4
935238	1
935270	1
935301	1
935354	1
935380	1
935489	1
935511	5
935774	6
936060	2
936875	3
936960	1
937168	1
937170	4
937209	5
937264	4
937359	4
937697	3
937923	3
938112	1
938203	3
938341	4
938554	4
939187	1
939298	1
939583	1
939745	4
939911	4
939954	4
940224	6
940230	7
940440	1
940492	5
940582	4
940634	4
941009	2
941074	4
941075	3
941122	3
941191	5
941530	1
941583	3
941606	3
941644	1
942158	1
942283	5
942353	6
942526	3
942552	3
942588	1
943882	3
944127	6
944385	5
945270	5
945397	6
945426	6
945488	6
945524	5
945818	5
945844	5
946048	4
946079	4
946115	5
946624	4
946643	1
946771	4
947000	5
947117	5
947119	1
947710	5
947735	6
948110	3
948295	4
948364	4
948520	7
948543	3
948585	6
948978	5
949005	1
949074	5
949331	6
949382	6
949421	1
949439	1
949463	5
949712	5
950009	8
950488	4
950820	5
950862	5
951378	1
951833	6
951871	5
951873	6
952107	4
952118	4
952206	5
952436	1
952476	4
952782	5
952816	1
952965	4
953316	4
953559	5
953614	5
953620	5
953671	4
953937	5
953983	5
954038	6
954128	4
954172	1
954315	4
954370	3
955082	4
955108	4
955255	2
955277	4
955298	5
955574	5
955596	5
955611	4
955639	2
955804	6
955841	3
955881	7
956103	5
956791	6
957206	4
957260	1
957538	1
957815	1
958026	5
958300	5
958638	6
958678	6
959068	5
959124	5
959338	4
959529	5
959676	5
959750	4
959753	1
959819	8
960081	6
960097	6
960391	1
960751	1
961036	5
961214	3
961386	1
961710	3
961740	3
961778	2
961801	2
961843	2
961880	1
961891	2
962044	4
962107	6
962360	5
962529	2
962632	5
962890	6
962990	4
963040	4
963044	4
963090	5
963847	5
963999	2
964255	5
964418	6
964421	6
964428	5
964564	4
964691	4
964733	3
965192	1
965306	1
965490	1
966234	5
966251	5
966430	1
966444	3
966591	1
966606	5
966680	4
966696	4
966746	3
966807	3
966845	3
966868	1
966869	4
966870	1
966872	1
966874	1
966875	1
966877	1
966879	6
966883	8
966887	2
966888	1
966890	1
966891	1
966898	5
966899	3
966903	2
966905	1
966907	1
966909	1
966910	1
966913	1
966923	4
966926	1
966933	1
966948	1
967067	5
967124	1
967488	1
967572	7
968010	1
968073	5
968400	1
968467	1
968468	1
968478	1
968481	1
968490	1
968516	1
968529	1
968650	5
968777	6
969016	3
969535	7
969717	1
969754	4
969762	3
969966	1
970675	5
970961	5
971073	1
971218	6
971425	1
971434	7
971511	6
971602	5
971639	5
971640	6
972324	5
972918	7
973888	4
974034	4
974036	1
975064	1
975220	1
975567	6
975854	5
975925	1
976292	1
977200	6
977218	1
977950	1
978053	4
978295	7
978808	6
979608	6
979610	6
979750	1
980011	1
980339	1
980599	1
980677	1
980962	3
981112	4
981285	1
981381	4
981656	1
981825	1
981879	4
982420	4
982480	5
982571	5
982781	3
983027	4
983119	4
983255	6
983328	5
983426	5
983446	4
983452	4
983752	3
983782	1
983815	1
983954	5
984135	5
984317	3
984421	2
984749	6
984886	1
984983	1
985133	6
985144	5
985256	4
985326	1
985536	4
985620	4
985757	4
985957	1
986033	1
986060	7
986078	7
986094	7
986142	7
986184	5
986265	5
986564	1
986750	4
987113	3
987254	4
987403	4
987470	3
987577	5
987580	5
987818	1
987886	4
988003	7
988269	5
988314	1
988363	4
988583	6
988780	1
988906	1
989304	1
989556	1
989663	4
989859	3
989977	1
990098	1
990416	4
990896	5
991367	6
991447	1
991872	2
991877	7
991878	1
991883	2
991886	5
991887	4
991889	1
991892	1
991898	1
991900	2
991901	1
991903	1
991907	2
991909	1
991913	3
991956	6
992220	1
992380	1
992405	1
992413	6
992599	5
992626	5
992850	5
992978	6
993056	6
993139	4
993660	1
993790	6
993924	1
993961	4
994069	1
994170	1
994347	2
994433	4
994438	4
994529	6
994623	1
995010	3
995475	4
995933	2
996054	1
996501	4
996595	2
996596	5
996819	5
996847	4
996944	6
996954	1
997290	4
997364	4
997412	4
997523	4
997689	4
997705	1
998019	4
998110	1
998164	6
998289	5
998648	4
998660	4
998760	1
998896	6
998952	5
999003	3
999146	5
999447	3
999710	1
1000308	2
1000664	5
1000875	4
1000909	4
1000939	3
1001001	1
1001034	4
1001288	5
1001335	5
1001346	5
1001362	5
1001365	5
1001366	5
1001451	4
1001506	3
1001572	3
1001578	3
1001584	3
1001586	3
1001587	3
1001598	3
1001615	3
1001631	4
1001635	5
1001637	6
1001677	6
1001685	6
1001701	6
1001711	6
1001764	6
1001800	7
1001801	7
1001804	5
1001821	5
1001869	4
1001927	7
1001963	5
1002276	5
1002342	4
1002451	5
1002565	3
1002621	4
1002684	5
1002753	4
1003094	3
1003666	4
1003717	1
1003781	2
1003888	4
1004150	5
1004225	5
1004344	1
1004418	4
1004657	4
1005293	3
1005428	1
1005629	4
1005707	6
1005773	6
1005967	3
1005968	3
1006515	1
1006567	5
1007261	4
1007272	4
1008073	4
1008222	4
1008438	5
1008527	4
1008644	4
1008719	1
1008727	4
1008874	1
1008946	5
1009115	5
1009144	5
1009151	5
1009309	1
1009384	4
1009734	4
1009789	5
1010220	5
1010634	3
1011249	1
1011688	1
1011880	4
1011893	1
1011985	4
1012013	1
1012017	5
1012246	6
1012288	5
1012620	1
1012796	2
1013016	3
1013078	5
1013173	1
1013225	4
1013255	1
1013625	2
1013661	6
1013723	4
1013812	4
1013826	4
1013900	5
1013952	5
1014520	5
1014678	5
1014757	5
1014998	5
1015017	1
1015173	1
1015289	6
1015539	4
1015642	6
1015674	5
1015993	5
1016169	4
1016450	7
1016814	1
1016861	4
1016901	5
1016916	3
1017383	6
1017526	5
1017573	5
1017575	2
1018229	5
1018235	5
1018251	5
1018289	5
1018326	3
1018366	5
1018473	6
1018522	6
1018552	5
1018687	3
1018737	3
1018830	3
1019017	2
1019403	1
1019434	2
1019473	2
1019556	2
1019608	3
1019740	3
1019812	2
1020001	2
1020024	4
1020080	1
1020232	2
1020504	2
1020639	2
1020684	1
1020716	2
1020754	1
1020916	2
1021345	1
1021348	1
1021349	1
1021385	3
1021425	2
1021435	2
1021477	2
1021536	2
1021811	1
1021885	2
1021908	3
1022107	1
1022615	1
1023056	1
1023247	1
1023772	1
1024016	6
1024017	6
1024047	4
1024055	5
1024182	1
1024242	3
1024243	3
1024247	2
1024274	5
1024360	5
1024410	5
1024459	5
1024669	8
1024670	7
1024707	3
1024722	6
1024904	6
1024906	3
1024960	5
1024963	5
1024964	2
1025066	3
1025083	5
1025110	6
1025140	3
1025168	6
1025202	1
1025209	5
1025344	3
1025415	3
1025440	1
1025496	4
1025538	6
1025654	5
1025807	2
1025819	2
1025839	2
1025840	2
1025850	2
1025909	2
1026107	2
1026131	3
1026167	3
1026191	2
1026209	3
1026223	3
1026299	3
1026344	6
1026353	3
1026359	3
1026483	2
1026551	4
1026554	4
1026578	4
1026596	3
1026608	3
1026611	3
1026616	3
1026629	4
1026653	3
1026656	5
1026661	41
1026664	64
1026665	64
1026668	4
1026669	61
1026725	4
1026749	8
1026752	5
1026758	5
1026763	5
1026764	5
1026767	5
1026771	4
1026772	4
1026785	3
1026833	2
1026857	2
1026863	2
1026922	4
1027048	1
1027054	1
1027103	5
1027287	5
1027289	5
1027298	5
1027304	5
1027415	6
1027430	6
1027508	6
1027540	5
1027605	1
1027711	3
1027713	8
1027733	7
1028024	1
1028104	19
1028106	5
1028108	17
1028112	22
1028117	8
1028133	6
1028334	3
1028472	3
1028500	6
1028806	1
1028938	3
1028941	3
1028950	4
1028968	4
1028971	3
1028977	3
1029001	3
1029097	3
1029112	4
1029118	4
1029151	4
1029171	4
1029181	4
1029418	1
1029421	2
1029424	1
1029430	1
1029441	1
1029469	5
1029478	6
1029480	1
1029559	1
1029562	2
1029564	2
1029569	3
1029571	3
1029572	3
1029577	5
1029580	3
1029583	3
1029586	3
1029596	2
1029598	1
1029603	2
1029607	4
1029637	2
1029641	2
1029643	3
1029892	3
1030198	3
1030204	4
1030222	4
1030223	4
1030231	4
1030248	4
1030252	5
1030462	7
1030478	3
1030493	6
1030497	3
1030571	3
1030591	3
1030662	3
1030683	6
1030694	3
1030773	3
1030783	3
1030983	4
1030996	5
1031106	4
1031172	5
1031174	5
1031183	4
1031200	4
1031210	5
1031256	6
1031264	1
1031281	6
1031365	3
1031368	3
1031371	2
1031376	3
1031378	3
1031380	3
1031382	3
1031386	3
1031394	4
1031395	4
1031404	3
1031413	3
1031425	2
1031437	1
1031479	3
1031485	1
1031488	1
1031501	2
1031502	2
1031520	3
1031524	3
1031548	4
1031566	5
1031575	5
1031582	5
1031584	5
1031585	5
1031587	5
1031621	5
1031650	5
1031731	4
1031779	3
1031780	3
1031878	3
1031907	3
1031927	3
1032061	1
1032263	4
1032525	2
1032720	1
1032728	5
1032866	1
1032893	5
1033079	1
1033081	1
1033196	4
1033258	5
1033297	1
1033485	1
1033764	3
1033961	7
1034168	2
1034255	2
1034270	2
1034274	2
1034279	2
1034294	2
1034302	1
1034318	2
1034339	2
1035302	1
1035318	5
1035337	2
1035368	1
1035374	38
1035377	36
1035862	1
1035902	1
1036010	3
1036110	1
1036684	2
1036697	2
1036820	1
1036848	1
1036853	2
1037106	3
1037237	1
1037241	1
1037331	1
1037456	6
1037504	7
1037789	5
1037873	4
1037874	4
1037876	3
1037897	4
1037912	4
1037952	3
1037953	3
1037955	4
1037959	5
1037960	5
1037964	5
1037969	4
1037971	4
1037973	4
1037988	4
1038141	3
1038219	3
1038221	3
1038229	3
1038233	3
1038234	3
1038235	3
1038242	2
1038244	2
1038245	2
1038247	3
1038255	3
1038283	1
1038284	1
1038292	1
1038330	1
1038366	1
1038400	1
1038401	1
1038402	1
1038405	2
1038408	1
1038419	3
1038422	3
1038429	2
1038437	1
1038441	1
1038442	1
1038473	2
1038482	2
1038495	2
1038511	2
1038514	2
1038540	2
1038541	2
1038573	2
1038582	2
1038585	3
1038586	2
1038588	3
1038591	3
1038599	3
1038605	3
1038607	4
1038629	3
1038630	3
1038635	3
1038641	3
1038683	5
1038686	4
1038687	5
1038718	5
1038735	5
1038745	5
1038749	5
1038754	5
1038760	5
1038764	5
1038765	5
1038771	5
1038775	6
1038813	7
1038905	7
1038959	1
1039028	1
1039139	4
1039142	6
1039161	6
1039194	6
1039195	6
1039205	6
1039210	6
1039244	6
1039298	7
1039459	1
1039556	6
1039588	4
1039851	6
1039868	3
1039927	1
1040468	8
1040543	1
1040870	1
1041173	5
1041261	5
1041494	1
1041838	1
1042085	1
1042139	1
1042190	7
1042246	7
1042348	2
1042495	2
1042496	2
