scaffold	position	position_coverage	allele_count	ref_base	con_base	var_base	ref_freq	con_freq	var_freq	A	C	T	G	cryptic	class
CtDUw	7123	57	1	A	C	A	0.0	1.0	0.0	0	57	0	0	False	SNS
CtDUw	7258	55	1	G	A	A	0.0	1.0	1.0	55	0	0	0	False	SNS
CtDUw	7303	58	1	G	A	G	0.0344827586206896	0.9482758620689656	0.0344827586206896	55	0	1	2	False	SNS
CtDUw	7442	71	1	A	G	A	0.0	1.0	0.0	0	0	0	71	False	SNS
CtDUw	7575	58	1	T	C	A	0.0	1.0	0.0	0	58	0	0	False	SNS
CtDUw	8459	80	1	C	T	C	0.0125	0.9875	0.0125	0	1	79	0	False	SNS
CtDUw	8603	56	1	T	C	A	0.0	1.0	0.0	0	56	0	0	False	SNS
CtDUw	8641	58	1	C	T	A	0.0	1.0	0.0	0	0	58	0	False	SNS
CtDUw	12061	80	2	G	G	C	0.95	0.95	0.05	0	4	0	76	False	SNV
CtDUw	13185	52	2	G	G	C	0.9230769230769232	0.9230769230769232	0.0769230769230769	0	4	0	48	False	SNV
CtDUw	13187	51	2	T	T	G	0.9215686274509804	0.9215686274509804	0.0784313725490196	0	0	47	4	False	SNV
CtDUw	13189	48	2	G	G	T	0.9166666666666666	0.9166666666666666	0.0833333333333333	0	0	4	44	False	SNV
CtDUw	13190	50	2	A	A	C	0.92	0.92	0.08	46	4	0	0	False	SNV
CtDUw	13191	48	2	A	A	T	0.9166666666666666	0.9166666666666666	0.0833333333333333	44	0	4	0	False	SNV
CtDUw	13259	51	2	T	T	C	0.803921568627451	0.803921568627451	0.196078431372549	0	10	41	0	False	SNV
CtDUw	13338	47	2	T	T	G	0.9148936170212766	0.9148936170212766	0.0851063829787234	0	0	43	4	False	SNV
CtDUw	13339	49	2	A	A	G	0.9183673469387756	0.9183673469387756	0.0816326530612244	45	0	0	4	False	SNV
CtDUw	13340	50	2	T	T	A	0.92	0.92	0.08	4	0	46	0	False	SNV
CtDUw	14088	97	1	A	T	A	0.0	1.0	0.0	0	0	97	0	False	SNS
CtDUw	15175	88	1	A	G	A	0.0113636363636363	0.9886363636363636	0.0113636363636363	1	0	0	87	False	SNS
CtDUw	23043	81	1	A	G	A	0.0	1.0	0.0	0	0	0	81	False	SNS
CtDUw	23928	68	1	A	T	A	0.0	1.0	0.0	0	0	68	0	False	SNS
CtDUw	25481	77	1	G	A	A	0.0	1.0	1.0	77	0	0	0	False	SNS
CtDUw	29800	90	1	A	G	A	0.0	1.0	0.0	0	0	0	90	False	SNS
CtDUw	29852	92	1	A	G	A	0.0	1.0	0.0	0	0	0	92	False	SNS
CtDUw	30571	69	1	C	G	A	0.0	1.0	0.0	0	0	0	69	False	SNS
CtDUw	35607	70	1	C	T	C	0.0142857142857142	0.9857142857142858	0.0142857142857142	0	1	69	0	False	SNS
CtDUw	38796	90	1	C	T	A	0.0	1.0	0.0	0	0	90	0	False	SNS
CtDUw	41527	88	1	G	A	A	0.0	1.0	1.0	88	0	0	0	False	SNS
CtDUw	42971	54	1	T	G	A	0.0	1.0	0.0	0	0	0	54	False	SNS
CtDUw	43008	62	1	T	C	A	0.0	1.0	0.0	0	62	0	0	False	SNS
CtDUw	44404	59	1	C	T	C	0.0169491525423728	0.9830508474576272	0.0169491525423728	0	1	58	0	False	SNS
CtDUw	44917	54	1	G	A	A	0.0	1.0	1.0	54	0	0	0	False	SNS
CtDUw	48871	9	2	T	T	A	0.7777777777777778	0.7777777777777778	0.2222222222222222	2	0	7	0	False	SNV
CtDUw	48966	95	1	G	A	A	0.0	1.0	1.0	95	0	0	0	False	SNS
CtDUw	49409	103	1	A	G	A	0.0097087378640776	0.9902912621359224	0.0097087378640776	1	0	0	102	False	SNS
CtDUw	54366	5	1	T	C	A	0.0	1.0	0.0	0	5	0	0	False	SNS
CtDUw	54723	5	1	T	C	A	0.0	1.0	0.0	0	5	0	0	False	SNS
CtDUw	54741	10	1	T	C	A	0.0	1.0	0.0	0	10	0	0	False	SNS
CtDUw	54800	23	1	C	T	A	0.0	1.0	0.0	0	0	23	0	False	SNS
CtDUw	54813	24	1	C	T	A	0.0	1.0	0.0	0	0	24	0	False	SNS
CtDUw	54834	24	1	A	G	A	0.0	1.0	0.0	0	0	0	24	False	SNS
CtDUw	54835	25	1	A	G	A	0.0	1.0	0.0	0	0	0	25	False	SNS
CtDUw	54837	26	1	A	G	A	0.0	1.0	0.0	0	0	0	26	False	SNS
CtDUw	54955	6	2	G	G	C	0.6666666666666666	0.6666666666666666	0.3333333333333333	0	2	0	4	False	SNV
CtDUw	54956	6	2	G	G	C	0.6666666666666666	0.6666666666666666	0.3333333333333333	0	2	0	4	False	SNV
CtDUw	54960	8	2	A	A	G	0.625	0.625	0.375	5	0	0	3	False	SNV
CtDUw	54962	8	2	A	A	G	0.625	0.625	0.375	5	0	0	3	False	SNV
CtDUw	54963	7	2	T	A	C	0.0	0.7142857142857143	0.2857142857142857	5	2	0	0	False	pop_SNV
CtDUw	55046	77	1	G	C	A	0.0	1.0	0.0	0	77	0	0	False	SNS
CtDUw	55098	95	1	A	G	A	0.0	1.0	0.0	0	0	0	95	False	SNS
CtDUw	55236	16	1	G	T	A	0.0	1.0	0.0	0	0	16	0	False	SNS
CtDUw	55239	15	1	C	T	A	0.0	1.0	0.0	0	0	15	0	False	SNS
CtDUw	55245	15	1	T	G	A	0.0	1.0	0.0	0	0	0	15	False	SNS
CtDUw	55249	12	1	T	A	T	0.0833333333333333	0.9166666666666666	0.0833333333333333	11	0	1	0	False	SNS
CtDUw	55251	12	1	T	G	A	0.0	0.9166666666666666	0.0833333333333333	1	0	0	11	False	SNS
CtDUw	55252	12	1	C	T	A	0.0	1.0	0.0	0	0	12	0	False	SNS
CtDUw	55255	12	1	A	T	A	0.0	1.0	0.0	0	0	12	0	False	SNS
CtDUw	55258	10	1	C	T	A	0.0	1.0	0.0	0	0	10	0	False	SNS
CtDUw	55259	10	1	A	C	A	0.0	1.0	0.0	0	10	0	0	False	SNS
CtDUw	55268	10	1	C	T	A	0.0	1.0	0.0	0	0	10	0	False	SNS
CtDUw	55284	5	1	G	A	A	0.0	1.0	1.0	5	0	0	0	False	SNS
CtDUw	55563	17	1	G	A	C	0.0	0.9411764705882352	0.0588235294117647	16	1	0	0	False	SNS
CtDUw	55572	17	1	T	C	A	0.0	1.0	0.0	0	17	0	0	False	SNS
CtDUw	55589	18	1	C	T	A	0.0	1.0	0.0	0	0	18	0	False	SNS
CtDUw	55696	16	1	G	A	A	0.0	1.0	1.0	16	0	0	0	False	SNS
CtDUw	55706	12	1	T	C	G	0.0	0.9166666666666666	0.0833333333333333	0	11	0	1	False	SNS
CtDUw	55725	8	1	T	G	A	0.0	1.0	0.0	0	0	0	8	False	SNS
CtDUw	55726	8	1	G	T	A	0.0	1.0	0.0	0	0	8	0	False	SNS
CtDUw	56513	6	1	C	A	A	0.0	1.0	1.0	6	0	0	0	False	SNS
CtDUw	56672	18	1	A	G	A	0.0555555555555555	0.9444444444444444	0.0555555555555555	1	0	0	17	False	SNS
CtDUw	56681	16	1	A	T	A	0.0625	0.9375	0.0625	1	0	15	0	False	SNS
CtDUw	56690	14	2	A	A	T	0.8571428571428571	0.8571428571428571	0.1428571428571428	12	0	2	0	False	SNV
CtDUw	56699	10	1	G	A	A	0.0	1.0	1.0	10	0	0	0	False	SNS
CtDUw	56702	10	1	A	T	C	0.0	0.9	0.1	0	1	9	0	False	SNS
CtDUw	56705	10	1	A	T	A	0.0	1.0	0.0	0	0	10	0	False	SNS
CtDUw	56710	11	1	T	C	T	0.0909090909090909	0.9090909090909092	0.0909090909090909	0	10	1	0	False	SNS
CtDUw	56717	12	1	A	G	A	0.0	1.0	0.0	0	0	0	12	False	SNS
CtDUw	56729	11	1	A	T	A	0.0	1.0	0.0	0	0	11	0	False	SNS
CtDUw	56741	8	1	A	G	A	0.0	1.0	0.0	0	0	0	8	False	SNS
CtDUw	56755	11	1	G	A	A	0.0	1.0	1.0	11	0	0	0	False	SNS
CtDUw	56833	16	1	T	C	A	0.0	1.0	0.0	0	16	0	0	False	SNS
CtDUw	56841	15	1	C	T	A	0.0	1.0	0.0	0	0	15	0	False	SNS
CtDUw	56852	16	2	T	T	C	0.875	0.875	0.125	0	2	14	0	False	SNV
CtDUw	56853	16	2	G	G	T	0.875	0.875	0.125	0	0	2	14	False	SNV
CtDUw	56863	15	1	G	T	A	0.0	1.0	0.0	0	0	15	0	False	SNS
CtDUw	56864	15	1	A	G	A	0.0	1.0	0.0	0	0	0	15	False	SNS
CtDUw	56922	14	1	T	C	A	0.0	1.0	0.0	0	14	0	0	False	SNS
CtDUw	56927	13	1	T	A	A	0.0	1.0	1.0	13	0	0	0	False	SNS
CtDUw	56928	13	1	G	T	A	0.0	1.0	0.0	0	0	13	0	False	SNS
CtDUw	56929	12	1	T	C	A	0.0	1.0	0.0	0	12	0	0	False	SNS
CtDUw	56935	19	1	T	C	A	0.0	1.0	0.0	0	19	0	0	False	SNS
CtDUw	56945	21	2	A	T	G	0.0	0.9047619047619048	0.0952380952380952	0	0	19	2	False	pop_SNV
CtDUw	56948	28	3	G	G	T	0.5714285714285714	0.5714285714285714	0.25	0	5	7	16	False	SNV
CtDUw	56949	30	3	G	T	G	0.3	0.6	0.3	0	3	18	9	False	con_SNV
CtDUw	56951	28	2	A	G	T	0.0357142857142857	0.8928571428571429	0.0714285714285714	1	0	2	25	False	pop_SNV
CtDUw	56966	46	1	A	G	C	0.0	0.9782608695652174	0.0217391304347826	0	1	0	45	False	SNS
CtDUw	57126	93	1	A	G	A	0.010752688172043	0.989247311827957	0.010752688172043	1	0	0	92	False	SNS
CtDUw	57134	90	1	G	A	A	0.0	1.0	1.0	90	0	0	0	False	SNS
CtDUw	57149	91	1	G	A	A	0.0	1.0	1.0	91	0	0	0	False	SNS
CtDUw	57155	92	1	G	A	A	0.0	1.0	1.0	92	0	0	0	False	SNS
CtDUw	57179	97	1	T	C	A	0.0	1.0	0.0	0	97	0	0	False	SNS
CtDUw	57735	88	1	A	G	A	0.0	1.0	0.0	0	0	0	88	False	SNS
CtDUw	57739	86	1	G	T	G	0.0116279069767441	0.9883720930232558	0.0116279069767441	0	0	85	1	False	SNS
CtDUw	57747	96	1	C	T	A	0.0	1.0	0.0	0	0	96	0	False	SNS
CtDUw	57748	94	1	G	T	A	0.0	1.0	0.0	0	0	94	0	False	SNS
CtDUw	57753	91	1	G	A	A	0.0	1.0	1.0	91	0	0	0	False	SNS
CtDUw	57761	94	1	T	C	A	0.0	1.0	0.0	0	94	0	0	False	SNS
CtDUw	57764	96	1	T	C	T	0.0104166666666666	0.9895833333333334	0.0104166666666666	0	95	1	0	False	SNS
CtDUw	57770	95	1	G	T	A	0.0	1.0	0.0	0	0	95	0	False	SNS
CtDUw	57773	98	1	A	C	A	0.0	1.0	0.0	0	98	0	0	False	SNS
CtDUw	58304	36	2	C	C	A	0.9444444444444444	0.9444444444444444	0.0555555555555555	2	34	0	0	False	SNV
CtDUw	58318	22	1	G	T	A	0.0	1.0	0.0	0	0	22	0	False	SNS
CtDUw	58326	19	1	T	A	A	0.0	1.0	1.0	19	0	0	0	False	SNS
CtDUw	58328	19	1	T	C	A	0.0	1.0	0.0	0	19	0	0	False	SNS
CtDUw	58337	14	1	C	T	A	0.0	1.0	0.0	0	0	14	0	False	SNS
CtDUw	58338	14	1	A	T	A	0.0	1.0	0.0	0	0	14	0	False	SNS
CtDUw	58339	14	1	G	T	A	0.0	1.0	0.0	0	0	14	0	False	SNS
CtDUw	58347	13	1	A	T	A	0.0	1.0	0.0	0	0	13	0	False	SNS
CtDUw	58349	11	1	T	C	A	0.0	1.0	0.0	0	11	0	0	False	SNS
CtDUw	58353	7	1	A	G	A	0.0	1.0	0.0	0	0	0	7	False	SNS
CtDUw	58605	6	1	C	G	T	0.0	0.8333333333333334	0.1666666666666666	0	0	1	5	False	SNS
CtDUw	58606	6	1	T	G	T	0.1666666666666666	0.8333333333333334	0.1666666666666666	0	0	1	5	False	SNS
CtDUw	58607	6	1	C	T	G	0.0	0.8333333333333334	0.1666666666666666	0	0	5	1	False	SNS
CtDUw	58608	7	2	T	G	T	0.4285714285714285	0.5714285714285714	0.4285714285714285	0	0	3	4	False	con_SNV
CtDUw	58611	5	1	C	T	G	0.0	0.8	0.2	0	0	4	1	False	SNS
CtDUw	58635	25	2	C	T	C	0.08	0.92	0.08	0	2	23	0	False	con_SNV
CtDUw	58641	26	2	C	C	G	0.9230769230769232	0.9230769230769232	0.0769230769230769	0	24	0	2	False	SNV
CtDUw	58863	42	1	A	G	A	0.0	1.0	0.0	0	0	0	42	False	SNS
CtDUw	59116	52	1	T	C	A	0.0	1.0	0.0	0	52	0	0	False	SNS
CtDUw	59390	79	1	G	T	A	0.0	1.0	0.0	0	0	79	0	False	SNS
CtDUw	59498	83	1	A	G	A	0.0	1.0	0.0	0	0	0	83	False	SNS
CtDUw	62558	81	1	A	C	A	0.0123456790123456	0.9876543209876544	0.0123456790123456	1	80	0	0	False	SNS
CtDUw	62938	89	1	G	A	A	0.0	1.0	1.0	89	0	0	0	False	SNS
CtDUw	63305	77	1	A	G	A	0.0	1.0	0.0	0	0	0	77	False	SNS
CtDUw	65205	95	1	A	G	A	0.0105263157894736	0.9894736842105264	0.0105263157894736	1	0	0	94	False	SNS
CtDUw	65210	88	1	C	T	C	0.0113636363636363	0.9886363636363636	0.0113636363636363	0	1	87	0	False	SNS
CtDUw	65364	95	1	C	T	A	0.0	1.0	0.0	0	0	95	0	False	SNS
CtDUw	66254	61	1	G	A	A	0.0	1.0	1.0	61	0	0	0	False	SNS
CtDUw	67548	94	1	T	C	A	0.0	1.0	0.0	0	94	0	0	False	SNS
CtDUw	67607	110	1	T	C	A	0.0	1.0	0.0	0	110	0	0	False	SNS
CtDUw	68325	82	1	G	A	A	0.0	1.0	1.0	82	0	0	0	False	SNS
CtDUw	68519	96	1	C	T	C	0.0104166666666666	0.9895833333333334	0.0104166666666666	0	1	95	0	False	SNS
CtDUw	68527	93	1	T	C	A	0.0	1.0	0.0	0	93	0	0	False	SNS
CtDUw	68963	67	2	C	C	A	0.9402985074626866	0.9402985074626866	0.0597014925373134	4	63	0	0	False	SNV
CtDUw	71099	89	1	G	A	A	0.0	1.0	1.0	89	0	0	0	False	SNS
CtDUw	71306	87	1	C	T	A	0.0	1.0	0.0	0	0	87	0	False	SNS
CtDUw	72209	86	1	G	A	A	0.0	1.0	1.0	86	0	0	0	False	SNS
CtDUw	72310	84	1	T	C	A	0.0	1.0	0.0	0	84	0	0	False	SNS
CtDUw	73415	75	1	G	A	A	0.0	1.0	1.0	75	0	0	0	False	SNS
CtDUw	79832	70	1	C	T	A	0.0	1.0	0.0	0	0	70	0	False	SNS
CtDUw	87158	70	1	T	C	A	0.0	1.0	0.0	0	70	0	0	False	SNS
CtDUw	87517	93	1	C	T	A	0.0	1.0	0.0	0	0	93	0	False	SNS
CtDUw	87989	39	1	T	C	T	0.0256410256410256	0.9743589743589745	0.0256410256410256	0	38	1	0	False	SNS
CtDUw	92353	63	1	C	T	A	0.0	1.0	0.0	0	0	63	0	False	SNS
CtDUw	93187	84	1	A	G	A	0.0	1.0	0.0	0	0	0	84	False	SNS
CtDUw	93320	91	1	A	G	A	0.0	1.0	0.0	0	0	0	91	False	SNS
CtDUw	93745	54	1	G	A	A	0.0	1.0	1.0	54	0	0	0	False	SNS
CtDUw	93964	49	1	T	C	A	0.0	1.0	0.0	0	49	0	0	False	SNS
CtDUw	96442	88	1	A	C	A	0.0113636363636363	0.9886363636363636	0.0113636363636363	1	87	0	0	False	SNS
CtDUw	98245	40	1	G	A	A	0.0	1.0	1.0	40	0	0	0	False	SNS
CtDUw	99415	106	1	T	C	A	0.0	0.981132075471698	0.0094339622641509	1	104	0	1	False	SNS
CtDUw	100060	66	1	C	T	C	0.0151515151515151	0.9848484848484848	0.0151515151515151	0	1	65	0	False	SNS
CtDUw	100212	71	1	G	A	A	0.0	1.0	1.0	71	0	0	0	False	SNS
CtDUw	100359	75	1	C	T	C	0.0133333333333333	0.9866666666666668	0.0133333333333333	0	1	74	0	False	SNS
CtDUw	101560	94	1	C	T	A	0.0	1.0	0.0	0	0	94	0	False	SNS
CtDUw	101707	81	1	C	T	A	0.0	1.0	0.0	0	0	81	0	False	SNS
CtDUw	101734	80	1	G	A	G	0.0125	0.9875	0.0125	79	0	0	1	False	SNS
CtDUw	102019	92	1	G	A	A	0.0	1.0	1.0	92	0	0	0	False	SNS
CtDUw	102490	115	1	C	T	C	0.017391304347826	0.982608695652174	0.017391304347826	0	2	113	0	False	SNS
CtDUw	103122	73	1	T	C	T	0.0273972602739726	0.9726027397260274	0.0273972602739726	0	71	2	0	False	SNS
CtDUw	103621	70	1	C	T	A	0.0	1.0	0.0	0	0	70	0	False	SNS
CtDUw	109174	91	1	G	A	A	0.0	1.0	1.0	91	0	0	0	False	SNS
CtDUw	110666	64	1	G	A	A	0.0	1.0	1.0	64	0	0	0	False	SNS
CtDUw	111095	103	1	A	G	A	0.0	1.0	0.0	0	0	0	103	False	SNS
CtDUw	112085	82	1	C	T	A	0.0	1.0	0.0	0	0	82	0	False	SNS
CtDUw	112113	83	1	G	A	A	0.0	1.0	1.0	83	0	0	0	False	SNS
CtDUw	112439	75	1	T	C	A	0.0	1.0	0.0	0	75	0	0	False	SNS
CtDUw	112575	96	1	G	A	A	0.0	1.0	1.0	96	0	0	0	False	SNS
CtDUw	113430	83	1	C	T	A	0.0	1.0	0.0	0	0	83	0	False	SNS
CtDUw	114152	79	1	C	T	A	0.0	1.0	0.0	0	0	79	0	False	SNS
CtDUw	114453	89	1	C	A	C	0.0112359550561797	0.9887640449438202	0.0112359550561797	88	1	0	0	False	SNS
CtDUw	115569	94	1	T	C	A	0.0	1.0	0.0	0	94	0	0	False	SNS
CtDUw	116274	70	1	G	A	A	0.0	1.0	1.0	70	0	0	0	False	SNS
CtDUw	116601	59	1	G	A	G	0.0169491525423728	0.9830508474576272	0.0169491525423728	58	0	0	1	False	SNS
CtDUw	117251	61	1	C	T	A	0.0	1.0	0.0	0	0	61	0	False	SNS
CtDUw	124411	64	1	T	C	A	0.0	1.0	0.0	0	64	0	0	False	SNS
CtDUw	124637	93	1	A	C	A	0.0	1.0	0.0	0	93	0	0	False	SNS
CtDUw	124873	87	1	C	T	C	0.0114942528735632	0.9885057471264368	0.0114942528735632	0	1	86	0	False	SNS
CtDUw	125481	68	1	C	T	A	0.0	1.0	0.0	0	0	68	0	False	SNS
CtDUw	128070	65	1	G	A	A	0.0	1.0	1.0	65	0	0	0	False	SNS
CtDUw	128108	59	1	C	T	A	0.0	1.0	0.0	0	0	59	0	False	SNS
CtDUw	128199	75	1	C	T	A	0.0	1.0	0.0	0	0	75	0	False	SNS
CtDUw	128785	52	1	C	T	A	0.0	0.9807692307692308	0.0192307692307692	1	0	51	0	False	SNS
CtDUw	128829	56	1	A	G	A	0.0	1.0	0.0	0	0	0	56	False	SNS
CtDUw	128891	66	1	C	T	A	0.0	1.0	0.0	0	0	66	0	False	SNS
CtDUw	129292	72	1	G	A	A	0.0	1.0	1.0	72	0	0	0	False	SNS
CtDUw	129434	80	1	T	C	A	0.0	1.0	0.0	0	80	0	0	False	SNS
CtDUw	129600	105	1	T	C	A	0.0	1.0	0.0	0	105	0	0	False	SNS
CtDUw	129614	100	1	G	A	A	0.0	1.0	1.0	100	0	0	0	False	SNS
CtDUw	129687	82	1	T	C	A	0.0	1.0	0.0	0	82	0	0	False	SNS
CtDUw	129807	71	1	C	T	A	0.0	1.0	0.0	0	0	71	0	False	SNS
CtDUw	129916	80	1	G	A	A	0.0	1.0	1.0	80	0	0	0	False	SNS
CtDUw	130043	77	1	G	A	A	0.0	1.0	1.0	77	0	0	0	False	SNS
CtDUw	130343	90	1	C	T	C	0.0333333333333333	0.9666666666666668	0.0333333333333333	0	3	87	0	False	SNS
CtDUw	130425	86	1	C	T	C	0.0348837209302325	0.9651162790697676	0.0348837209302325	0	3	83	0	False	SNS
CtDUw	132307	66	1	G	A	A	0.0	1.0	1.0	66	0	0	0	False	SNS
CtDUw	132858	80	1	C	T	A	0.0	1.0	0.0	0	0	80	0	False	SNS
CtDUw	133159	106	1	A	G	A	0.0094339622641509	0.9905660377358492	0.0094339622641509	1	0	0	105	False	SNS
CtDUw	133426	75	1	G	A	A	0.0	1.0	1.0	75	0	0	0	False	SNS
CtDUw	133628	85	1	G	A	A	0.0	1.0	1.0	85	0	0	0	False	SNS
CtDUw	133825	79	1	G	A	G	0.0379746835443038	0.9620253164556962	0.0379746835443038	76	0	0	3	False	SNS
CtDUw	134444	73	1	G	A	A	0.0	1.0	1.0	73	0	0	0	False	SNS
CtDUw	134651	70	1	C	G	A	0.0	1.0	0.0	0	0	0	70	False	SNS
CtDUw	134700	71	1	A	G	A	0.0	1.0	0.0	0	0	0	71	False	SNS
CtDUw	134928	120	1	G	A	A	0.0	1.0	1.0	120	0	0	0	False	SNS
CtDUw	134940	124	1	G	T	A	0.0	1.0	0.0	0	0	124	0	False	SNS
CtDUw	135139	121	1	G	T	A	0.0	1.0	0.0	0	0	121	0	False	SNS
CtDUw	135291	92	1	T	C	T	0.0108695652173913	0.9891304347826086	0.0108695652173913	0	91	1	0	False	SNS
CtDUw	135479	128	1	C	T	C	0.0078125	0.9921875	0.0078125	0	1	127	0	False	SNS
CtDUw	135767	86	1	G	A	G	0.0116279069767441	0.9883720930232558	0.0116279069767441	85	0	0	1	False	SNS
CtDUw	135779	85	1	G	A	G	0.0117647058823529	0.9882352941176472	0.0117647058823529	84	0	0	1	False	SNS
CtDUw	135818	93	1	C	A	C	0.021505376344086	0.967741935483871	0.021505376344086	90	2	1	0	False	SNS
CtDUw	135904	111	1	A	G	A	0.0	1.0	0.0	0	0	0	111	False	SNS
CtDUw	136938	81	1	G	C	G	0.0123456790123456	0.9876543209876544	0.0123456790123456	0	80	0	1	False	SNS
CtDUw	137675	89	1	A	G	A	0.0	1.0	0.0	0	0	0	89	False	SNS
CtDUw	137877	8	2	T	T	C	0.75	0.75	0.25	0	2	6	0	False	SNV
CtDUw	137982	89	1	G	A	G	0.0224719101123595	0.9662921348314608	0.0224719101123595	86	1	0	2	False	SNS
CtDUw	138974	85	1	T	C	A	0.0	1.0	0.0	0	85	0	0	False	SNS
CtDUw	139177	69	1	G	C	A	0.0	1.0	0.0	0	69	0	0	False	SNS
CtDUw	139525	70	1	C	T	A	0.0	1.0	0.0	0	0	70	0	False	SNS
CtDUw	140117	61	1	C	T	A	0.0	1.0	0.0	0	0	61	0	False	SNS
CtDUw	140295	67	1	T	C	A	0.0	1.0	0.0	0	67	0	0	False	SNS
CtDUw	140427	60	1	T	C	A	0.0	1.0	0.0	0	60	0	0	False	SNS
CtDUw	141351	62	1	G	A	A	0.0	1.0	1.0	62	0	0	0	False	SNS
CtDUw	142844	84	1	A	G	C	0.0	0.988095238095238	0.0119047619047619	0	1	0	83	False	SNS
CtDUw	143323	75	1	G	A	G	0.0133333333333333	0.9866666666666668	0.0133333333333333	74	0	0	1	False	SNS
CtDUw	145223	56	1	G	T	A	0.0	1.0	0.0	0	0	56	0	False	SNS
CtDUw	151251	70	1	C	T	A	0.0	1.0	0.0	0	0	70	0	False	SNS
CtDUw	153988	60	1	G	A	A	0.0	1.0	1.0	60	0	0	0	False	SNS
CtDUw	155082	68	1	C	T	A	0.0	1.0	0.0	0	0	68	0	False	SNS
CtDUw	155663	68	1	T	C	A	0.0	1.0	0.0	0	68	0	0	False	SNS
CtDUw	156941	69	1	C	T	A	0.0	1.0	0.0	0	0	69	0	False	SNS
CtDUw	157124	100	1	G	A	A	0.0	1.0	1.0	100	0	0	0	False	SNS
CtDUw	157143	104	1	G	A	G	0.0096153846153846	0.9903846153846154	0.0096153846153846	103	0	0	1	False	SNS
CtDUw	157520	103	1	G	A	A	0.0	1.0	1.0	103	0	0	0	False	SNS
CtDUw	157830	92	1	C	T	A	0.0	1.0	0.0	0	0	92	0	False	SNS
CtDUw	158026	74	1	T	C	A	0.0	1.0	0.0	0	74	0	0	False	SNS
CtDUw	158033	75	1	C	T	A	0.0	1.0	0.0	0	0	75	0	False	SNS
CtDUw	158252	66	1	A	G	A	0.0151515151515151	0.9848484848484848	0.0151515151515151	1	0	0	65	False	SNS
CtDUw	158641	60	1	G	T	A	0.0	1.0	0.0	0	0	60	0	False	SNS
CtDUw	159362	55	1	G	A	A	0.0	1.0	1.0	55	0	0	0	False	SNS
CtDUw	159372	54	1	G	T	A	0.0	1.0	0.0	0	0	54	0	False	SNS
CtDUw	159677	72	1	C	T	A	0.0	1.0	0.0	0	0	72	0	False	SNS
CtDUw	159967	87	1	A	G	A	0.0	1.0	0.0	0	0	0	87	False	SNS
CtDUw	160701	81	1	A	G	A	0.0123456790123456	0.9876543209876544	0.0123456790123456	1	0	0	80	False	SNS
CtDUw	160731	90	1	C	T	A	0.0	1.0	0.0	0	0	90	0	False	SNS
CtDUw	160743	91	1	G	A	A	0.0	1.0	1.0	91	0	0	0	False	SNS
CtDUw	160776	89	1	G	T	A	0.0	1.0	0.0	0	0	89	0	False	SNS
CtDUw	160778	91	1	A	G	A	0.0	1.0	0.0	0	0	0	91	False	SNS
CtDUw	161043	73	1	T	C	A	0.0	0.9863013698630136	0.0136986301369863	1	72	0	0	False	SNS
CtDUw	161103	36	1	C	T	A	0.0	1.0	0.0	0	0	36	0	False	SNS
CtDUw	161125	28	1	A	G	A	0.0	1.0	0.0	0	0	0	28	False	SNS
CtDUw	161170	14	2	A	T	A	0.1428571428571428	0.8571428571428571	0.1428571428571428	2	0	12	0	False	con_SNV
CtDUw	161171	14	1	G	T	A	0.0714285714285714	0.8571428571428571	0.0714285714285714	1	0	12	1	False	SNS
CtDUw	161173	13	1	G	A	G	0.0769230769230769	0.9230769230769232	0.0769230769230769	12	0	0	1	False	SNS
CtDUw	161179	11	1	T	A	T	0.0909090909090909	0.9090909090909092	0.0909090909090909	10	0	1	0	False	SNS
CtDUw	161188	8	1	A	G	A	0.125	0.875	0.125	1	0	0	7	False	SNS
CtDUw	161190	7	1	G	A	G	0.1428571428571428	0.8571428571428571	0.1428571428571428	6	0	0	1	False	SNS
CtDUw	161193	8	1	T	A	T	0.125	0.875	0.125	7	0	1	0	False	SNS
CtDUw	161196	7	1	G	T	G	0.1428571428571428	0.8571428571428571	0.1428571428571428	0	0	6	1	False	SNS
CtDUw	161200	7	1	T	C	T	0.1428571428571428	0.8571428571428571	0.1428571428571428	0	6	1	0	False	SNS
CtDUw	161202	6	1	T	A	T	0.1666666666666666	0.8333333333333334	0.1666666666666666	5	0	1	0	False	SNS
CtDUw	161209	5	1	G	T	G	0.2	0.8	0.2	0	0	4	1	False	SNS
CtDUw	161217	9	1	A	G	A	0.1111111111111111	0.8888888888888888	0.1111111111111111	1	0	0	8	False	SNS
CtDUw	161226	15	1	G	A	G	0.0666666666666666	0.9333333333333332	0.0666666666666666	14	0	0	1	False	SNS
CtDUw	161228	16	1	A	C	A	0.0625	0.9375	0.0625	1	15	0	0	False	SNS
CtDUw	161234	18	1	A	C	A	0.0555555555555555	0.9444444444444444	0.0555555555555555	1	17	0	0	False	SNS
CtDUw	161235	18	1	G	A	G	0.0555555555555555	0.9444444444444444	0.0555555555555555	17	0	0	1	False	SNS
CtDUw	161238	21	1	A	C	A	0.0476190476190476	0.9523809523809524	0.0476190476190476	1	20	0	0	False	SNS
CtDUw	161246	25	1	C	A	C	0.04	0.96	0.04	24	1	0	0	False	SNS
CtDUw	161271	32	1	C	A	C	0.03125	0.96875	0.03125	31	1	0	0	False	SNS
CtDUw	161364	65	1	G	A	G	0.0153846153846153	0.9846153846153848	0.0153846153846153	64	0	0	1	False	SNS
CtDUw	161370	62	1	A	G	A	0.0161290322580645	0.9838709677419356	0.0161290322580645	1	0	0	61	False	SNS
CtDUw	161379	63	1	A	G	A	0.0158730158730158	0.984126984126984	0.0158730158730158	1	0	0	62	False	SNS
CtDUw	161679	59	1	G	A	A	0.0	1.0	1.0	59	0	0	0	False	SNS
CtDUw	161714	74	1	C	T	A	0.0	1.0	0.0	0	0	74	0	False	SNS
CtDUw	162248	97	1	T	C	T	0.0103092783505154	0.9896907216494846	0.0103092783505154	0	96	1	0	False	SNS
CtDUw	162416	75	1	T	C	A	0.0	1.0	0.0	0	75	0	0	False	SNS
CtDUw	162613	65	1	C	T	A	0.0	0.9692307692307692	0.0307692307692307	2	0	63	0	False	SNS
CtDUw	163252	67	1	C	T	A	0.0	1.0	0.0	0	0	67	0	False	SNS
CtDUw	163253	69	1	C	T	A	0.0	1.0	0.0	0	0	69	0	False	SNS
CtDUw	164274	78	1	T	G	A	0.0	1.0	0.0	0	0	0	78	False	SNS
CtDUw	164292	77	1	T	C	A	0.0	1.0	0.0	0	77	0	0	False	SNS
CtDUw	164408	74	1	C	T	A	0.0	1.0	0.0	0	0	74	0	False	SNS
CtDUw	164475	64	1	A	G	A	0.0	1.0	0.0	0	0	0	64	False	SNS
CtDUw	164526	72	1	G	A	C	0.0138888888888888	0.9722222222222222	0.0138888888888888	70	1	0	1	False	SNS
CtDUw	165085	95	1	G	A	A	0.0	1.0	1.0	95	0	0	0	False	SNS
CtDUw	165673	76	1	G	T	G	0.0131578947368421	0.986842105263158	0.0131578947368421	0	0	75	1	False	SNS
CtDUw	165675	76	1	A	G	A	0.0131578947368421	0.9736842105263158	0.0131578947368421	1	1	0	74	False	SNS
CtDUw	165831	83	1	C	T	A	0.0120481927710843	0.9759036144578314	0.0120481927710843	1	1	81	0	False	SNS
CtDUw	166609	60	1	A	G	A	0.0	1.0	0.0	0	0	0	60	False	SNS
CtDUw	166655	58	1	A	G	A	0.0	1.0	0.0	0	0	0	58	False	SNS
CtDUw	166868	59	1	G	A	A	0.0	1.0	1.0	59	0	0	0	False	SNS
CtDUw	166884	61	1	G	A	A	0.0	1.0	1.0	61	0	0	0	False	SNS
CtDUw	166982	69	1	G	A	G	0.0144927536231884	0.9855072463768116	0.0144927536231884	68	0	0	1	False	SNS
CtDUw	167032	79	1	G	A	G	0.0126582278481012	0.9873417721518988	0.0126582278481012	78	0	0	1	False	SNS
CtDUw	167180	85	1	A	G	A	0.0117647058823529	0.9882352941176472	0.0117647058823529	1	0	0	84	False	SNS
CtDUw	167431	76	1	C	T	A	0.0	1.0	0.0	0	0	76	0	False	SNS
CtDUw	167959	76	1	A	G	A	0.0	1.0	0.0	0	0	0	76	False	SNS
CtDUw	168769	65	1	G	A	A	0.0	1.0	1.0	65	0	0	0	False	SNS
CtDUw	168964	119	1	A	G	A	0.0084033613445378	0.9915966386554622	0.0084033613445378	1	0	0	118	False	SNS
CtDUw	169071	101	1	A	G	A	0.0	1.0	0.0	0	0	0	101	False	SNS
CtDUw	169290	109	1	C	T	A	0.0	1.0	0.0	0	0	109	0	False	SNS
CtDUw	169339	114	1	T	C	A	0.0	1.0	0.0	0	114	0	0	False	SNS
CtDUw	169940	74	1	G	A	A	0.0	1.0	1.0	74	0	0	0	False	SNS
CtDUw	170530	56	1	C	T	C	0.0357142857142857	0.9642857142857144	0.0357142857142857	0	2	54	0	False	SNS
CtDUw	171057	65	1	G	A	A	0.0	1.0	1.0	65	0	0	0	False	SNS
CtDUw	171429	78	1	T	C	A	0.0	1.0	0.0	0	78	0	0	False	SNS
CtDUw	171972	65	1	C	T	A	0.0	1.0	0.0	0	0	65	0	False	SNS
CtDUw	172288	68	1	C	T	A	0.0	1.0	0.0	0	0	68	0	False	SNS
CtDUw	172833	58	1	C	T	A	0.0	1.0	0.0	0	0	58	0	False	SNS
CtDUw	173411	77	1	T	C	A	0.0	1.0	0.0	0	77	0	0	False	SNS
CtDUw	173931	88	1	G	A	G	0.0113636363636363	0.9886363636363636	0.0113636363636363	87	0	0	1	False	SNS
CtDUw	174663	103	1	G	A	A	0.0	1.0	1.0	103	0	0	0	False	SNS
CtDUw	174758	95	1	C	T	A	0.0	1.0	0.0	0	0	95	0	False	SNS
CtDUw	175247	70	1	T	C	T	0.0142857142857142	0.9857142857142858	0.0142857142857142	0	69	1	0	False	SNS
CtDUw	176679	66	1	G	A	G	0.0151515151515151	0.9848484848484848	0.0151515151515151	65	0	0	1	False	SNS
CtDUw	176835	111	1	G	A	G	0.009009009009009	0.990990990990991	0.009009009009009	110	0	0	1	False	SNS
CtDUw	177198	85	1	G	T	A	0.0	1.0	0.0	0	0	85	0	False	SNS
CtDUw	177855	53	1	T	C	A	0.0	1.0	0.0	0	53	0	0	False	SNS
CtDUw	178249	94	1	G	T	A	0.0	1.0	0.0	0	0	94	0	False	SNS
CtDUw	178338	98	1	G	T	G	0.010204081632653	0.9897959183673468	0.010204081632653	0	0	97	1	False	SNS
CtDUw	178607	113	1	G	A	G	0.0088495575221238	0.991150442477876	0.0088495575221238	112	0	0	1	False	SNS
CtDUw	179497	72	1	G	A	A	0.0	1.0	1.0	72	0	0	0	False	SNS
CtDUw	179585	89	1	A	G	A	0.0112359550561797	0.9887640449438202	0.0112359550561797	1	0	0	88	False	SNS
CtDUw	180164	91	1	C	T	C	0.0109890109890109	0.978021978021978	0.0109890109890109	0	1	89	1	False	SNS
CtDUw	180451	113	1	G	A	A	0.0	1.0	1.0	113	0	0	0	False	SNS
CtDUw	180475	112	1	G	A	A	0.0	1.0	1.0	112	0	0	0	False	SNS
CtDUw	181069	85	1	G	T	G	0.0117647058823529	0.9882352941176472	0.0117647058823529	0	0	84	1	False	SNS
CtDUw	181405	90	1	G	A	A	0.0	1.0	1.0	90	0	0	0	False	SNS
CtDUw	181624	136	1	T	C	T	0.0073529411764705	0.9926470588235294	0.0073529411764705	0	135	1	0	False	SNS
CtDUw	181647	143	1	G	T	G	0.0139860139860139	0.986013986013986	0.0139860139860139	0	0	141	2	False	SNS
CtDUw	181798	6	2	G	T	G	0.5	0.5	0.5	0	0	3	3	False	con_SNV
CtDUw	181800	5	1	T	G	A	0.0	0.8	0.2	1	0	0	4	False	SNS
CtDUw	181858	20	2	T	T	A	0.9	0.9	0.1	2	0	18	0	False	SNV
CtDUw	181859	18	2	A	A	T	0.8888888888888888	0.8888888888888888	0.1111111111111111	16	0	2	0	False	SNV
CtDUw	181860	18	2	G	G	T	0.8888888888888888	0.8888888888888888	0.1111111111111111	0	0	2	16	False	SNV
CtDUw	181861	20	2	G	A	C	0.0	0.8	0.2	16	4	0	0	False	pop_SNV
CtDUw	181864	16	1	G	A	A	0.0	1.0	1.0	16	0	0	0	False	SNS
CtDUw	181865	31	2	T	T	A	0.7741935483870968	0.7741935483870968	0.2258064516129032	7	0	24	0	False	SNV
CtDUw	181869	33	2	T	T	G	0.8484848484848485	0.8484848484848485	0.1515151515151515	0	0	28	5	False	SNV
CtDUw	181871	32	2	A	A	G	0.90625	0.90625	0.09375	29	0	0	3	False	SNV
CtDUw	181971	52	1	G	T	A	0.0	1.0	0.0	0	0	52	0	False	SNS
CtDUw	182049	54	1	C	T	A	0.0	1.0	0.0	0	0	54	0	False	SNS
CtDUw	182177	59	1	G	A	A	0.0	1.0	1.0	59	0	0	0	False	SNS
CtDUw	182483	65	1	C	A	A	0.0	1.0	1.0	65	0	0	0	False	SNS
CtDUw	182757	81	1	G	A	A	0.0	1.0	1.0	81	0	0	0	False	SNS
CtDUw	182881	22	2	T	T	G	0.9090909090909092	0.9090909090909092	0.0909090909090909	0	0	20	2	False	SNV
CtDUw	182883	23	2	C	C	A	0.9130434782608696	0.9130434782608696	0.0869565217391304	2	21	0	0	False	SNV
CtDUw	182899	14	1	A	C	A	0.0	1.0	0.0	0	14	0	0	False	SNS
CtDUw	182900	13	1	G	T	A	0.0	1.0	0.0	0	0	13	0	False	SNS
CtDUw	182904	12	2	A	T	C	0.0833333333333333	0.75	0.1666666666666666	1	2	9	0	False	pop_SNV
CtDUw	182905	12	2	C	C	G	0.75	0.75	0.1666666666666666	1	9	0	2	False	SNV
CtDUw	182906	12	2	C	C	G	0.6666666666666666	0.6666666666666666	0.3333333333333333	0	8	0	4	False	SNV
CtDUw	182907	12	2	T	T	C	0.75	0.75	0.1666666666666666	1	2	9	0	False	SNV
CtDUw	182908	8	2	A	A	T	0.5	0.5	0.375	4	1	3	0	False	SNV
CtDUw	182909	8	2	T	T	G	0.625	0.625	0.375	0	0	5	3	False	SNV
CtDUw	182912	5	2	A	C	A	0.4	0.6	0.4	2	3	0	0	False	con_SNV
CtDUw	182937	5	2	C	C	T	0.6	0.6	0.4	0	3	2	0	False	SNV
CtDUw	182938	5	2	C	A	C	0.4	0.6	0.4	3	2	0	0	False	con_SNV
CtDUw	182939	5	2	T	T	G	0.6	0.6	0.4	0	0	3	2	False	SNV
CtDUw	182940	7	2	G	A	G	0.2857142857142857	0.5714285714285714	0.2857142857142857	4	0	1	2	False	con_SNV
CtDUw	183257	84	1	A	G	A	0.0	1.0	0.0	0	0	0	84	False	SNS
CtDUw	183259	78	1	G	A	A	0.0	1.0	1.0	78	0	0	0	False	SNS
CtDUw	183336	79	1	A	G	A	0.0	1.0	0.0	0	0	0	79	False	SNS
CtDUw	183372	80	1	A	G	A	0.0	1.0	0.0	0	0	0	80	False	SNS
CtDUw	183445	61	1	C	T	A	0.0	1.0	0.0	0	0	61	0	False	SNS
CtDUw	183665	96	1	A	G	A	0.0104166666666666	0.9895833333333334	0.0104166666666666	1	0	0	95	False	SNS
CtDUw	183719	102	1	G	A	T	0.0	0.9901960784313726	0.0098039215686274	101	0	1	0	False	SNS
CtDUw	183743	99	1	C	T	A	0.0	1.0	0.0	0	0	99	0	False	SNS
CtDUw	183876	76	1	T	G	A	0.0	1.0	0.0	0	0	0	76	False	SNS
CtDUw	183986	76	1	T	G	A	0.0	1.0	0.0	0	0	0	76	False	SNS
CtDUw	184023	70	1	G	A	A	0.0	1.0	1.0	70	0	0	0	False	SNS
CtDUw	184339	60	1	A	G	A	0.0	1.0	0.0	0	0	0	60	False	SNS
CtDUw	184538	97	1	G	A	G	0.0103092783505154	0.9896907216494846	0.0103092783505154	96	0	0	1	False	SNS
CtDUw	184992	130	1	C	T	C	0.0076923076923076	0.9923076923076924	0.0076923076923076	0	1	129	0	False	SNS
CtDUw	186691	61	1	C	T	A	0.0	1.0	0.0	0	0	61	0	False	SNS
CtDUw	186745	70	1	T	C	A	0.0	1.0	0.0	0	70	0	0	False	SNS
CtDUw	187723	95	1	G	T	C	0.0	0.9789473684210528	0.0210526315789473	0	2	93	0	False	SNS
CtDUw	187976	97	1	G	A	A	0.0	1.0	1.0	97	0	0	0	False	SNS
CtDUw	188909	56	2	C	C	A	0.9464285714285714	0.9464285714285714	0.0535714285714285	3	53	0	0	False	SNV
CtDUw	188958	62	1	C	T	A	0.0	1.0	0.0	0	0	62	0	False	SNS
CtDUw	189211	59	1	G	A	A	0.0	1.0	1.0	59	0	0	0	False	SNS
CtDUw	190008	102	1	T	C	A	0.0	1.0	0.0	0	102	0	0	False	SNS
CtDUw	190695	81	1	A	C	A	0.0	1.0	0.0	0	81	0	0	False	SNS
CtDUw	191911	117	1	A	G	A	0.0	1.0	0.0	0	0	0	117	False	SNS
CtDUw	195133	79	1	T	C	A	0.0	1.0	0.0	0	79	0	0	False	SNS
CtDUw	195219	83	1	C	T	C	0.0120481927710843	0.9879518072289156	0.0120481927710843	0	1	82	0	False	SNS
CtDUw	195224	82	1	C	T	C	0.0121951219512195	0.9878048780487804	0.0121951219512195	0	1	81	0	False	SNS
CtDUw	195626	13	1	A	C	A	0.0	1.0	0.0	0	13	0	0	False	SNS
CtDUw	195627	14	2	C	C	T	0.5	0.5	0.5	0	7	7	0	False	SNV
CtDUw	196042	76	1	C	T	A	0.0	1.0	0.0	0	0	76	0	False	SNS
CtDUw	196253	79	1	T	C	T	0.0126582278481012	0.9873417721518988	0.0126582278481012	0	78	1	0	False	SNS
CtDUw	196693	96	1	C	T	G	0.0	0.9895833333333334	0.0104166666666666	0	0	95	1	False	SNS
CtDUw	196718	91	1	G	A	A	0.0	1.0	1.0	91	0	0	0	False	SNS
CtDUw	197029	52	1	T	C	A	0.0	1.0	0.0	0	52	0	0	False	SNS
CtDUw	197461	63	1	G	A	A	0.0	1.0	1.0	63	0	0	0	False	SNS
CtDUw	198402	61	1	T	G	A	0.0	1.0	0.0	0	0	0	61	False	SNS
CtDUw	199087	99	1	G	A	G	0.0202020202020202	0.9797979797979798	0.0202020202020202	97	0	0	2	False	SNS
CtDUw	199865	69	1	C	A	A	0.0	1.0	1.0	69	0	0	0	False	SNS
CtDUw	199942	87	1	A	G	A	0.0	1.0	0.0	0	0	0	87	False	SNS
CtDUw	201696	74	1	G	T	A	0.0	1.0	0.0	0	0	74	0	False	SNS
CtDUw	202137	51	2	C	C	T	0.9411764705882352	0.9411764705882352	0.0588235294117647	0	48	3	0	False	SNV
CtDUw	202158	54	1	C	T	C	0.0185185185185185	0.9814814814814816	0.0185185185185185	0	1	53	0	False	SNS
CtDUw	202823	72	1	G	A	G	0.0138888888888888	0.9861111111111112	0.0138888888888888	71	0	0	1	False	SNS
CtDUw	202844	73	1	T	C	T	0.0136986301369863	0.9863013698630136	0.0136986301369863	0	72	1	0	False	SNS
CtDUw	204212	64	1	G	A	A	0.0	1.0	1.0	64	0	0	0	False	SNS
CtDUw	205945	70	1	C	T	G	0.0	0.9857142857142858	0.0142857142857142	0	0	69	1	False	SNS
CtDUw	207426	57	1	T	C	T	0.0175438596491228	0.9824561403508772	0.0175438596491228	0	56	1	0	False	SNS
CtDUw	209925	73	1	C	T	A	0.0	1.0	0.0	0	0	73	0	False	SNS
CtDUw	211650	64	1	A	G	A	0.015625	0.984375	0.015625	1	0	0	63	False	SNS
CtDUw	213581	91	2	C	C	T	0.934065934065934	0.934065934065934	0.0659340659340659	0	85	6	0	False	SNV
CtDUw	215807	5	1	G	T	A	0.2	0.6	0.2	1	0	3	1	False	SNS
CtDUw	215873	97	1	T	C	A	0.0	1.0	0.0	0	97	0	0	False	SNS
CtDUw	215896	93	1	T	G	A	0.0	1.0	0.0	0	0	0	93	False	SNS
CtDUw	215932	96	1	C	T	A	0.0	1.0	0.0	0	0	96	0	False	SNS
CtDUw	215939	95	1	T	C	A	0.0	1.0	0.0	0	95	0	0	False	SNS
CtDUw	216386	73	1	C	T	A	0.0	1.0	0.0	0	0	73	0	False	SNS
CtDUw	217357	78	1	G	A	G	0.0256410256410256	0.9743589743589745	0.0256410256410256	76	0	0	2	False	SNS
CtDUw	220089	108	1	A	G	A	0.0092592592592592	0.9907407407407408	0.0092592592592592	1	0	0	107	False	SNS
CtDUw	222380	77	1	C	T	A	0.0	1.0	0.0	0	0	77	0	False	SNS
CtDUw	223514	89	1	G	A	G	0.0112359550561797	0.9887640449438202	0.0112359550561797	88	0	0	1	False	SNS
CtDUw	224655	78	1	A	G	A	0.0	1.0	0.0	0	0	0	78	False	SNS
CtDUw	224979	98	1	A	G	A	0.010204081632653	0.9897959183673468	0.010204081632653	1	0	0	97	False	SNS
CtDUw	226488	97	1	A	G	A	0.0	1.0	0.0	0	0	0	97	False	SNS
CtDUw	227662	122	1	T	G	A	0.0	1.0	0.0	0	0	0	122	False	SNS
CtDUw	230686	101	1	C	T	G	0.0	0.99009900990099	0.0099009900990099	0	0	100	1	False	SNS
CtDUw	231326	78	1	C	T	A	0.0	1.0	0.0	0	0	78	0	False	SNS
CtDUw	233679	111	1	C	T	C	0.009009009009009	0.990990990990991	0.009009009009009	0	1	110	0	False	SNS
CtDUw	234087	85	1	A	G	A	0.0117647058823529	0.9882352941176472	0.0117647058823529	1	0	0	84	False	SNS
CtDUw	236658	71	2	C	C	A	0.943661971830986	0.943661971830986	0.056338028169014	4	67	0	0	False	SNV
CtDUw	237247	85	1	T	C	A	0.0	1.0	0.0	0	85	0	0	False	SNS
CtDUw	238486	81	1	A	G	A	0.0123456790123456	0.9876543209876544	0.0123456790123456	1	0	0	80	False	SNS
CtDUw	239341	93	1	G	A	G	0.010752688172043	0.989247311827957	0.010752688172043	92	0	0	1	False	SNS
CtDUw	239821	68	1	T	C	A	0.0	1.0	0.0	0	68	0	0	False	SNS
CtDUw	240073	77	1	G	A	G	0.0129870129870129	0.987012987012987	0.0129870129870129	76	0	0	1	False	SNS
CtDUw	240190	78	1	T	C	A	0.0	1.0	0.0	0	78	0	0	False	SNS
CtDUw	240571	75	1	A	G	A	0.0	1.0	0.0	0	0	0	75	False	SNS
CtDUw	241190	72	1	G	A	A	0.0	1.0	1.0	72	0	0	0	False	SNS
CtDUw	241460	85	1	C	A	A	0.0	1.0	1.0	85	0	0	0	False	SNS
CtDUw	241883	84	1	A	G	A	0.0	1.0	0.0	0	0	0	84	False	SNS
CtDUw	242033	65	1	T	C	T	0.0307692307692307	0.9692307692307692	0.0307692307692307	0	63	2	0	False	SNS
CtDUw	246416	35	1	G	A	G	0.0285714285714285	0.9714285714285714	0.0285714285714285	34	0	0	1	False	SNS
CtDUw	248738	109	1	T	C	A	0.0	1.0	0.0	0	109	0	0	False	SNS
CtDUw	249501	62	1	C	T	A	0.0	1.0	0.0	0	0	62	0	False	SNS
CtDUw	250192	52	1	T	C	A	0.0	1.0	0.0	0	52	0	0	False	SNS
CtDUw	251230	7	2	A	G	A	0.4285714285714285	0.5714285714285714	0.4285714285714285	3	0	0	4	False	con_SNV
CtDUw	251589	130	1	T	C	A	0.0	1.0	0.0	0	130	0	0	False	SNS
CtDUw	251610	127	1	A	C	A	0.0	1.0	0.0	0	127	0	0	False	SNS
CtDUw	251739	143	1	G	A	A	0.0	1.0	1.0	143	0	0	0	False	SNS
CtDUw	251751	138	1	T	C	A	0.0	1.0	0.0	0	138	0	0	False	SNS
CtDUw	251753	136	1	T	C	A	0.0	1.0	0.0	0	136	0	0	False	SNS
CtDUw	251768	135	1	C	T	A	0.0	1.0	0.0	0	0	135	0	False	SNS
CtDUw	253012	80	1	A	G	A	0.025	0.975	0.025	2	0	0	78	False	SNS
CtDUw	253503	71	1	T	C	A	0.0	1.0	0.0	0	71	0	0	False	SNS
CtDUw	254122	68	1	G	A	A	0.0	1.0	1.0	68	0	0	0	False	SNS
CtDUw	254636	62	2	G	G	T	0.9032258064516128	0.9032258064516128	0.0806451612903225	1	0	5	56	False	SNV
CtDUw	254915	86	1	C	T	C	0.0232558139534883	0.9767441860465116	0.0232558139534883	0	2	84	0	False	SNS
CtDUw	255078	65	1	T	C	T	0.0153846153846153	0.9846153846153848	0.0153846153846153	0	64	1	0	False	SNS
CtDUw	257481	97	1	T	G	T	0.0103092783505154	0.9896907216494846	0.0103092783505154	0	0	1	96	False	SNS
CtDUw	266735	58	2	T	T	A	0.9482758620689656	0.9482758620689656	0.0517241379310344	3	0	55	0	False	SNV
CtDUw	266736	58	2	A	A	T	0.9482758620689656	0.9482758620689656	0.0517241379310344	55	0	3	0	False	SNV
CtDUw	266737	55	2	G	G	C	0.9454545454545454	0.9454545454545454	0.0545454545454545	0	3	0	52	False	SNV
CtDUw	266738	58	2	A	A	T	0.9482758620689656	0.9482758620689656	0.0517241379310344	55	0	3	0	False	SNV
CtDUw	271236	79	1	C	T	A	0.0	1.0	0.0	0	0	79	0	False	SNS
CtDUw	271371	82	1	A	G	A	0.0	1.0	0.0	0	0	0	82	False	SNS
CtDUw	272622	81	1	A	T	A	0.0	1.0	0.0	0	0	81	0	False	SNS
CtDUw	272937	53	1	A	G	A	0.0	1.0	0.0	0	0	0	53	False	SNS
CtDUw	272970	58	1	C	T	A	0.0	1.0	0.0	0	0	58	0	False	SNS
CtDUw	273040	60	1	A	G	A	0.0	1.0	0.0	0	0	0	60	False	SNS
CtDUw	273105	57	1	G	T	A	0.0	1.0	0.0	0	0	57	0	False	SNS
CtDUw	273218	46	1	A	G	A	0.0	1.0	0.0	0	0	0	46	False	SNS
CtDUw	274023	78	1	C	T	A	0.0	1.0	0.0	0	0	78	0	False	SNS
CtDUw	274531	69	1	C	A	C	0.0144927536231884	0.9855072463768116	0.0144927536231884	68	1	0	0	False	SNS
CtDUw	274982	59	1	A	G	A	0.0	1.0	0.0	0	0	0	59	False	SNS
CtDUw	275396	83	1	T	G	A	0.0	1.0	0.0	0	0	0	83	False	SNS
CtDUw	275848	82	1	G	A	A	0.0	1.0	1.0	82	0	0	0	False	SNS
CtDUw	276483	67	1	G	A	A	0.0	1.0	1.0	67	0	0	0	False	SNS
CtDUw	276554	77	1	T	C	T	0.0259740259740259	0.974025974025974	0.0259740259740259	0	75	2	0	False	SNS
CtDUw	276590	78	1	T	C	A	0.0	1.0	0.0	0	78	0	0	False	SNS
CtDUw	276739	85	1	T	C	A	0.0	1.0	0.0	0	85	0	0	False	SNS
CtDUw	280176	75	1	A	G	A	0.0	1.0	0.0	0	0	0	75	False	SNS
CtDUw	280260	80	1	T	C	A	0.0	1.0	0.0	0	80	0	0	False	SNS
CtDUw	282341	73	1	A	G	A	0.0	1.0	0.0	0	0	0	73	False	SNS
CtDUw	283156	78	1	T	G	A	0.0	1.0	0.0	0	0	0	78	False	SNS
CtDUw	286637	75	1	T	C	A	0.0	1.0	0.0	0	75	0	0	False	SNS
CtDUw	286820	77	1	A	G	A	0.0	1.0	0.0	0	0	0	77	False	SNS
CtDUw	286874	85	1	A	G	A	0.0	1.0	0.0	0	0	0	85	False	SNS
CtDUw	291821	30	2	T	T	C	0.9	0.9	0.1	0	3	27	0	False	SNV
CtDUw	291825	37	2	A	A	C	0.8918918918918919	0.8918918918918919	0.1081081081081081	33	4	0	0	False	SNV
CtDUw	294070	58	1	A	G	A	0.0172413793103448	0.9827586206896552	0.0172413793103448	1	0	0	57	False	SNS
CtDUw	294216	69	1	C	T	A	0.0	1.0	0.0	0	0	69	0	False	SNS
CtDUw	295045	81	1	C	T	G	0.0	0.9876543209876544	0.0123456790123456	0	0	80	1	False	SNS
CtDUw	295188	86	1	C	T	C	0.0116279069767441	0.9767441860465116	0.0116279069767441	0	1	84	1	False	SNS
CtDUw	309408	93	1	C	T	C	0.010752688172043	0.989247311827957	0.010752688172043	0	1	92	0	False	SNS
CtDUw	313554	89	1	C	A	A	0.0	1.0	1.0	89	0	0	0	False	SNS
CtDUw	319015	63	1	T	C	T	0.0158730158730158	0.9682539682539684	0.0158730158730158	0	61	1	1	False	SNS
CtDUw	324869	99	1	G	A	A	0.0	1.0	1.0	99	0	0	0	False	SNS
CtDUw	327467	104	1	T	C	A	0.0	1.0	0.0	0	104	0	0	False	SNS
CtDUw	345248	74	2	T	T	C	0.945945945945946	0.945945945945946	0.054054054054054	0	4	70	0	False	SNV
CtDUw	348755	119	1	C	T	A	0.0	1.0	0.0	0	0	119	0	False	SNS
CtDUw	349731	77	2	T	T	A	0.948051948051948	0.948051948051948	0.0519480519480519	4	0	73	0	False	SNV
CtDUw	349734	78	2	T	T	G	0.9487179487179488	0.9487179487179488	0.0512820512820512	0	0	74	4	False	SNV
CtDUw	350232	77	2	T	T	C	0.948051948051948	0.948051948051948	0.0519480519480519	0	4	73	0	False	SNV
CtDUw	354578	80	1	G	A	C	0.0	0.9875	0.0125	79	1	0	0	False	SNS
CtDUw	357789	73	1	C	T	A	0.0	1.0	0.0	0	0	73	0	False	SNS
CtDUw	359076	63	1	G	T	A	0.0	1.0	0.0	0	0	63	0	False	SNS
CtDUw	362840	75	1	T	C	T	0.0133333333333333	0.9866666666666668	0.0133333333333333	0	74	1	0	False	SNS
CtDUw	363753	87	1	C	A	A	0.0	1.0	1.0	87	0	0	0	False	SNS
CtDUw	367399	83	1	A	G	A	0.0	1.0	0.0	0	0	0	83	False	SNS
CtDUw	368004	75	1	C	T	A	0.0	1.0	0.0	0	0	75	0	False	SNS
CtDUw	370080	97	1	T	C	A	0.0	1.0	0.0	0	97	0	0	False	SNS
CtDUw	371010	76	1	T	C	A	0.0	1.0	0.0	0	76	0	0	False	SNS
CtDUw	371492	68	2	A	A	T	0.9411764705882352	0.9411764705882352	0.0588235294117647	64	0	4	0	False	SNV
CtDUw	377052	47	1	A	C	A	0.0	1.0	0.0	0	47	0	0	False	SNS
CtDUw	379488	90	1	A	G	A	0.0	1.0	0.0	0	0	0	90	False	SNS
CtDUw	380731	92	1	A	G	A	0.0	1.0	0.0	0	0	0	92	False	SNS
CtDUw	382513	91	1	A	G	T	0.0	0.989010989010989	0.0109890109890109	0	0	1	90	False	SNS
CtDUw	382711	73	1	G	A	A	0.0	1.0	1.0	73	0	0	0	False	SNS
CtDUw	384239	66	2	G	G	C	0.9393939393939394	0.9393939393939394	0.0606060606060606	0	4	0	62	False	SNV
CtDUw	384240	67	2	A	A	C	0.9402985074626866	0.9402985074626866	0.0597014925373134	63	4	0	0	False	SNV
CtDUw	384241	67	2	T	T	G	0.9402985074626866	0.9402985074626866	0.0597014925373134	0	0	63	4	False	SNV
CtDUw	384392	66	2	T	T	G	0.9393939393939394	0.9393939393939394	0.0606060606060606	0	0	62	4	False	SNV
CtDUw	384393	67	2	T	T	G	0.9402985074626866	0.9402985074626866	0.0597014925373134	0	0	63	4	False	SNV
CtDUw	384629	74	1	T	C	T	0.0135135135135135	0.9864864864864864	0.0135135135135135	0	73	1	0	False	SNS
CtDUw	389356	80	2	C	C	A	0.95	0.95	0.05	4	76	0	0	False	SNV
CtDUw	389555	74	1	G	A	G	0.0135135135135135	0.9864864864864864	0.0135135135135135	73	0	0	1	False	SNS
CtDUw	391613	70	1	C	T	C	0.0142857142857142	0.9857142857142858	0.0142857142857142	0	1	69	0	False	SNS
CtDUw	399638	73	1	G	A	A	0.0	1.0	1.0	73	0	0	0	False	SNS
CtDUw	403783	54	1	A	C	A	0.0	1.0	0.0	0	54	0	0	False	SNS
CtDUw	404690	72	2	C	C	A	0.9166666666666666	0.9166666666666666	0.0833333333333333	6	66	0	0	False	SNV
CtDUw	408294	91	1	G	A	G	0.0109890109890109	0.989010989010989	0.0109890109890109	90	0	0	1	False	SNS
CtDUw	416797	92	1	A	G	A	0.0	1.0	0.0	0	0	0	92	False	SNS
CtDUw	416914	101	1	T	C	A	0.0	1.0	0.0	0	101	0	0	False	SNS
CtDUw	420821	107	1	T	C	A	0.0	1.0	0.0	0	107	0	0	False	SNS
CtDUw	425294	63	1	T	C	A	0.0	1.0	0.0	0	63	0	0	False	SNS
CtDUw	430345	58	2	T	T	C	0.9482758620689656	0.9482758620689656	0.0517241379310344	0	3	55	0	False	SNV
CtDUw	430346	58	2	A	A	T	0.9482758620689656	0.9482758620689656	0.0517241379310344	55	0	3	0	False	SNV
CtDUw	430381	69	2	G	G	T	0.9420289855072465	0.9420289855072465	0.0579710144927536	0	0	4	65	False	SNV
CtDUw	430588	72	1	C	T	A	0.0	1.0	0.0	0	0	72	0	False	SNS
CtDUw	433160	74	1	G	A	A	0.0	1.0	1.0	74	0	0	0	False	SNS
CtDUw	433728	102	1	A	G	A	0.0	1.0	0.0	0	0	0	102	False	SNS
CtDUw	444436	67	1	T	C	T	0.0149253731343283	0.9701492537313432	0.0149253731343283	0	65	1	1	False	SNS
CtDUw	448033	56	1	T	C	A	0.0	1.0	0.0	0	56	0	0	False	SNS
CtDUw	449547	51	1	G	A	A	0.0	1.0	1.0	51	0	0	0	False	SNS
CtDUw	450476	71	1	A	G	A	0.0	1.0	0.0	0	0	0	71	False	SNS
CtDUw	450924	49	2	G	G	T	0.9387755102040816	0.9387755102040816	0.0612244897959183	0	0	3	46	False	SNV
CtDUw	457268	44	1	C	T	A	0.0	1.0	0.0	0	0	44	0	False	SNS
CtDUw	462308	53	1	C	T	A	0.0	1.0	0.0	0	0	53	0	False	SNS
CtDUw	463155	67	1	T	C	T	0.0149253731343283	0.9850746268656716	0.0149253731343283	0	66	1	0	False	SNS
CtDUw	463647	68	1	A	G	A	0.0	1.0	0.0	0	0	0	68	False	SNS
CtDUw	468144	66	1	G	C	G	0.0151515151515151	0.9848484848484848	0.0151515151515151	0	65	0	1	False	SNS
CtDUw	473290	60	2	C	C	T	0.95	0.95	0.05	0	57	3	0	False	SNV
CtDUw	474688	68	1	A	G	A	0.0	1.0	0.0	0	0	0	68	False	SNS
CtDUw	474712	66	1	A	G	A	0.0	1.0	0.0	0	0	0	66	False	SNS
CtDUw	474745	67	1	A	G	A	0.0	1.0	0.0	0	0	0	67	False	SNS
CtDUw	474858	67	1	A	G	A	0.0	1.0	0.0	0	0	0	67	False	SNS
CtDUw	475248	64	1	A	C	A	0.0	1.0	0.0	0	64	0	0	False	SNS
CtDUw	475852	100	1	A	T	A	0.01	0.99	0.01	1	0	99	0	False	SNS
CtDUw	476197	71	1	T	A	A	0.0	1.0	1.0	71	0	0	0	False	SNS
CtDUw	476294	66	1	G	A	A	0.0	1.0	1.0	66	0	0	0	False	SNS
CtDUw	476609	85	1	G	A	A	0.0	1.0	1.0	85	0	0	0	False	SNS
CtDUw	476811	86	1	T	C	T	0.0116279069767441	0.9883720930232558	0.0116279069767441	0	85	1	0	False	SNS
CtDUw	477602	93	1	G	A	A	0.0	1.0	1.0	93	0	0	0	False	SNS
CtDUw	477867	66	1	T	C	A	0.0	1.0	0.0	0	66	0	0	False	SNS
CtDUw	477883	69	1	C	A	A	0.0	1.0	1.0	69	0	0	0	False	SNS
CtDUw	477919	69	1	C	G	A	0.0	1.0	0.0	0	0	0	69	False	SNS
CtDUw	478085	50	1	A	G	A	0.0	1.0	0.0	0	0	0	50	False	SNS
CtDUw	478134	46	1	T	C	A	0.0	1.0	0.0	0	46	0	0	False	SNS
CtDUw	479203	63	1	T	C	G	0.0	0.984126984126984	0.0158730158730158	0	62	0	1	False	SNS
CtDUw	479881	85	1	T	G	T	0.0235294117647058	0.976470588235294	0.0235294117647058	0	0	2	83	False	SNS
CtDUw	482563	66	1	A	G	A	0.0	1.0	0.0	0	0	0	66	False	SNS
CtDUw	485393	49	1	A	G	A	0.0	1.0	0.0	0	0	0	49	False	SNS
CtDUw	489005	37	1	C	T	A	0.0	1.0	0.0	0	0	37	0	False	SNS
CtDUw	491074	7	2	G	G	A	0.5714285714285714	0.5714285714285714	0.4285714285714285	3	0	0	4	False	SNV
CtDUw	492205	74	1	C	G	A	0.0	1.0	0.0	0	0	0	74	False	SNS
CtDUw	492866	100	1	A	G	A	0.0	1.0	0.0	0	0	0	100	False	SNS
CtDUw	493334	69	1	T	C	A	0.0	1.0	0.0	0	69	0	0	False	SNS
CtDUw	493395	65	1	A	T	A	0.0	1.0	0.0	0	0	65	0	False	SNS
CtDUw	501987	54	2	A	A	G	0.9444444444444444	0.9444444444444444	0.0555555555555555	51	0	0	3	False	SNV
CtDUw	501988	54	2	T	T	G	0.9444444444444444	0.9444444444444444	0.0555555555555555	0	0	51	3	False	SNV
CtDUw	501989	54	2	T	T	A	0.9444444444444444	0.9444444444444444	0.0555555555555555	3	0	51	0	False	SNV
CtDUw	503851	74	1	A	G	A	0.0135135135135135	0.9864864864864864	0.0135135135135135	1	0	0	73	False	SNS
CtDUw	514505	54	1	A	G	A	0.0	1.0	0.0	0	0	0	54	False	SNS
CtDUw	516131	108	1	A	C	A	0.0	1.0	0.0	0	108	0	0	False	SNS
CtDUw	517108	98	1	G	T	G	0.010204081632653	0.9897959183673468	0.010204081632653	0	0	97	1	False	SNS
CtDUw	526863	77	1	G	A	A	0.0	1.0	1.0	77	0	0	0	False	SNS
CtDUw	528708	87	1	T	C	T	0.0114942528735632	0.9885057471264368	0.0114942528735632	0	86	1	0	False	SNS
CtDUw	530823	84	1	T	C	A	0.0	1.0	0.0	0	84	0	0	False	SNS
CtDUw	531130	119	1	A	C	A	0.0168067226890756	0.9831932773109244	0.0168067226890756	2	117	0	0	False	SNS
CtDUw	531461	84	1	A	G	A	0.0	1.0	0.0	0	0	0	84	False	SNS
CtDUw	531766	138	2	A	A	G	0.7753623188405797	0.7753623188405797	0.2246376811594203	107	0	0	31	False	SNV
CtDUw	532922	92	1	C	T	A	0.0	1.0	0.0	0	0	92	0	False	SNS
CtDUw	535808	100	1	C	T	C	0.02	0.98	0.02	0	2	98	0	False	SNS
CtDUw	539621	84	1	G	T	A	0.0	1.0	0.0	0	0	84	0	False	SNS
CtDUw	541063	60	2	C	C	T	0.95	0.95	0.05	0	57	3	0	False	SNV
CtDUw	545881	59	2	C	C	A	0.9491525423728814	0.9491525423728814	0.0508474576271186	3	56	0	0	False	SNV
CtDUw	546090	83	1	T	C	A	0.0	1.0	0.0	0	83	0	0	False	SNS
CtDUw	549966	82	1	T	C	A	0.0	1.0	0.0	0	82	0	0	False	SNS
CtDUw	556680	103	1	G	A	A	0.0	1.0	1.0	103	0	0	0	False	SNS
CtDUw	558518	66	2	C	C	A	0.9393939393939394	0.9393939393939394	0.0606060606060606	4	62	0	0	False	SNV
CtDUw	561077	55	2	G	G	T	0.9454545454545454	0.9454545454545454	0.0545454545454545	0	0	3	52	False	SNV
CtDUw	569979	81	1	C	T	A	0.0	1.0	0.0	0	0	81	0	False	SNS
CtDUw	571356	79	1	C	T	A	0.0	1.0	0.0	0	0	79	0	False	SNS
CtDUw	573250	109	1	C	T	C	0.018348623853211	0.981651376146789	0.018348623853211	0	2	107	0	False	SNS
CtDUw	575880	81	1	A	G	C	0.0	0.9876543209876544	0.0123456790123456	0	1	0	80	False	SNS
CtDUw	579577	117	1	A	G	A	0.0	1.0	0.0	0	0	0	117	False	SNS
CtDUw	588167	80	1	G	T	A	0.0	1.0	0.0	0	0	80	0	False	SNS
CtDUw	588262	97	1	T	C	T	0.0103092783505154	0.9896907216494846	0.0103092783505154	0	96	1	0	False	SNS
CtDUw	592566	98	1	T	C	A	0.0	0.9897959183673468	0.010204081632653	1	97	0	0	False	SNS
CtDUw	592849	98	1	T	C	A	0.0	1.0	0.0	0	98	0	0	False	SNS
CtDUw	595273	87	1	G	A	G	0.0114942528735632	0.9885057471264368	0.0114942528735632	86	0	0	1	False	SNS
CtDUw	595746	103	1	A	G	A	0.0	1.0	0.0	0	0	0	103	False	SNS
CtDUw	595926	81	1	C	T	A	0.0	1.0	0.0	0	0	81	0	False	SNS
CtDUw	596696	75	1	A	G	A	0.04	0.96	0.04	3	0	0	72	False	SNS
CtDUw	596726	6	1	G	A	A	0.0	1.0	1.0	6	0	0	0	False	SNS
CtDUw	597257	127	1	G	A	G	0.0157480314960629	0.984251968503937	0.0157480314960629	125	0	0	2	False	SNS
CtDUw	597650	74	1	T	C	A	0.0	1.0	0.0	0	74	0	0	False	SNS
CtDUw	597721	74	1	T	C	A	0.0	1.0	0.0	0	74	0	0	False	SNS
CtDUw	601053	79	2	C	C	G	0.9493670886075948	0.9493670886075948	0.050632911392405	0	75	0	4	False	SNV
CtDUw	601296	70	1	C	T	A	0.0	1.0	0.0	0	0	70	0	False	SNS
CtDUw	602108	55	1	C	T	A	0.0	1.0	0.0	0	0	55	0	False	SNS
CtDUw	602142	59	1	A	G	A	0.0	1.0	0.0	0	0	0	59	False	SNS
CtDUw	602688	66	1	G	A	A	0.0	1.0	1.0	66	0	0	0	False	SNS
CtDUw	603726	68	1	C	T	A	0.0	1.0	0.0	0	0	68	0	False	SNS
CtDUw	603827	71	1	T	C	A	0.0	1.0	0.0	0	71	0	0	False	SNS
CtDUw	604430	69	1	C	T	A	0.0	1.0	0.0	0	0	69	0	False	SNS
CtDUw	604783	83	1	T	C	T	0.0120481927710843	0.9879518072289156	0.0120481927710843	0	82	1	0	False	SNS
CtDUw	606482	92	1	A	C	A	0.0	1.0	0.0	0	92	0	0	False	SNS
CtDUw	606981	80	1	A	C	A	0.0	1.0	0.0	0	80	0	0	False	SNS
CtDUw	607828	78	1	C	T	A	0.0	1.0	0.0	0	0	78	0	False	SNS
CtDUw	611267	95	1	C	T	A	0.0	1.0	0.0	0	0	95	0	False	SNS
CtDUw	611747	74	1	C	T	A	0.0	1.0	0.0	0	0	74	0	False	SNS
CtDUw	612212	71	1	C	T	A	0.0	1.0	0.0	0	0	71	0	False	SNS
CtDUw	613093	73	1	C	T	A	0.0	1.0	0.0	0	0	73	0	False	SNS
CtDUw	613105	79	1	A	G	A	0.0	1.0	0.0	0	0	0	79	False	SNS
CtDUw	614139	94	1	G	A	G	0.0212765957446808	0.9787234042553192	0.0212765957446808	92	0	0	2	False	SNS
CtDUw	614371	79	1	T	C	T	0.0126582278481012	0.9873417721518988	0.0126582278481012	0	78	1	0	False	SNS
CtDUw	614930	77	2	C	C	T	0.935064935064935	0.935064935064935	0.0649350649350649	0	72	5	0	False	SNV
CtDUw	615045	78	1	T	C	A	0.0	1.0	0.0	0	78	0	0	False	SNS
CtDUw	615136	73	1	A	G	A	0.0	1.0	0.0	0	0	0	73	False	SNS
CtDUw	615319	68	1	T	C	A	0.0	1.0	0.0	0	68	0	0	False	SNS
CtDUw	615351	70	1	A	T	A	0.0	1.0	0.0	0	0	70	0	False	SNS
CtDUw	615773	88	1	G	A	G	0.0113636363636363	0.9886363636363636	0.0113636363636363	87	0	0	1	False	SNS
CtDUw	615963	49	1	C	T	A	0.0	1.0	0.0	0	0	49	0	False	SNS
CtDUw	615999	63	1	G	A	A	0.0	1.0	1.0	63	0	0	0	False	SNS
CtDUw	616284	92	1	G	A	A	0.0	1.0	1.0	92	0	0	0	False	SNS
CtDUw	616322	100	1	T	C	A	0.0	1.0	0.0	0	100	0	0	False	SNS
CtDUw	616402	84	1	T	C	A	0.0	1.0	0.0	0	84	0	0	False	SNS
CtDUw	617800	55	1	A	G	A	0.0	1.0	0.0	0	0	0	55	False	SNS
CtDUw	619785	64	1	A	G	A	0.0	1.0	0.0	0	0	0	64	False	SNS
CtDUw	621461	83	1	G	A	A	0.0	1.0	1.0	83	0	0	0	False	SNS
CtDUw	626251	81	1	A	G	A	0.0	1.0	0.0	0	0	0	81	False	SNS
CtDUw	628640	89	1	C	T	C	0.0112359550561797	0.9887640449438202	0.0112359550561797	0	1	88	0	False	SNS
CtDUw	628822	96	1	T	C	A	0.0	1.0	0.0	0	96	0	0	False	SNS
CtDUw	628882	90	1	C	T	A	0.0	1.0	0.0	0	0	90	0	False	SNS
CtDUw	628955	67	1	C	T	A	0.0	1.0	0.0	0	0	67	0	False	SNS
CtDUw	629024	62	1	A	G	A	0.0	1.0	0.0	0	0	0	62	False	SNS
CtDUw	630083	84	1	A	C	A	0.0	1.0	0.0	0	84	0	0	False	SNS
CtDUw	630432	66	1	T	C	A	0.0	1.0	0.0	0	66	0	0	False	SNS
CtDUw	631322	75	1	G	T	G	0.0133333333333333	0.9866666666666668	0.0133333333333333	0	0	74	1	False	SNS
CtDUw	631484	94	1	C	T	G	0.0	0.9893617021276596	0.0106382978723404	0	0	93	1	False	SNS
CtDUw	633865	73	1	A	G	A	0.0	1.0	0.0	0	0	0	73	False	SNS
CtDUw	636282	109	1	T	C	T	0.0091743119266055	0.9908256880733946	0.0091743119266055	0	108	1	0	False	SNS
CtDUw	639952	83	1	A	G	A	0.0	1.0	0.0	0	0	0	83	False	SNS
CtDUw	640330	82	1	T	C	A	0.0	1.0	0.0	0	82	0	0	False	SNS
CtDUw	643345	88	1	A	G	A	0.0	1.0	0.0	0	0	0	88	False	SNS
CtDUw	644443	84	1	G	T	A	0.0	1.0	0.0	0	0	84	0	False	SNS
CtDUw	649989	71	1	A	G	A	0.0	1.0	0.0	0	0	0	71	False	SNS
CtDUw	650143	72	1	T	C	G	0.0	0.9861111111111112	0.0138888888888888	0	71	0	1	False	SNS
CtDUw	652014	78	1	G	A	A	0.0	1.0	1.0	78	0	0	0	False	SNS
CtDUw	652665	78	1	T	G	A	0.0	1.0	0.0	0	0	0	78	False	SNS
CtDUw	653975	67	1	G	A	A	0.0	1.0	1.0	67	0	0	0	False	SNS
CtDUw	654602	92	1	G	T	G	0.0217391304347826	0.9782608695652174	0.0217391304347826	0	0	90	2	False	SNS
CtDUw	657236	83	1	A	G	A	0.0	1.0	0.0	0	0	0	83	False	SNS
CtDUw	657370	70	1	A	G	A	0.0	1.0	0.0	0	0	0	70	False	SNS
CtDUw	657863	104	1	T	G	A	0.0	1.0	0.0	0	0	0	104	False	SNS
CtDUw	659853	84	1	T	C	A	0.0	1.0	0.0	0	84	0	0	False	SNS
CtDUw	667083	68	1	A	G	A	0.0	1.0	0.0	0	0	0	68	False	SNS
CtDUw	668754	82	1	G	A	C	0.0	0.9878048780487804	0.0121951219512195	81	1	0	0	False	SNS
CtDUw	670229	107	1	T	C	A	0.0	1.0	0.0	0	107	0	0	False	SNS
CtDUw	672796	11	2	T	T	C	0.6363636363636364	0.6363636363636364	0.3636363636363636	0	4	7	0	False	SNV
CtDUw	672797	10	2	A	A	G	0.7	0.7	0.3	7	0	0	3	False	SNV
CtDUw	672798	11	2	C	G	C	0.4545454545454545	0.5454545454545454	0.4545454545454545	0	5	0	6	False	con_SNV
CtDUw	672799	14	2	C	T	C	0.3571428571428571	0.5714285714285714	0.3571428571428571	0	5	8	1	False	con_SNV
CtDUw	672800	15	2	C	G	C	0.3333333333333333	0.6666666666666666	0.3333333333333333	0	5	0	10	False	con_SNV
CtDUw	674234	94	1	C	T	C	0.0106382978723404	0.9893617021276596	0.0106382978723404	0	1	93	0	False	SNS
CtDUw	676135	69	1	A	G	A	0.0	1.0	0.0	0	0	0	69	False	SNS
CtDUw	677514	94	1	C	T	A	0.0	1.0	0.0	0	0	94	0	False	SNS
CtDUw	684099	91	1	G	A	A	0.0	1.0	1.0	91	0	0	0	False	SNS
CtDUw	684264	81	1	G	A	A	0.0	1.0	1.0	81	0	0	0	False	SNS
CtDUw	686120	76	1	G	A	G	0.0131578947368421	0.986842105263158	0.0131578947368421	75	0	0	1	False	SNS
CtDUw	687035	74	2	A	A	C	0.945945945945946	0.945945945945946	0.054054054054054	70	4	0	0	False	SNV
CtDUw	687036	75	2	A	A	C	0.9466666666666668	0.9466666666666668	0.0533333333333333	71	4	0	0	False	SNV
CtDUw	687038	77	2	G	G	A	0.948051948051948	0.948051948051948	0.0519480519480519	4	0	0	73	False	SNV
CtDUw	687039	76	2	C	C	T	0.9473684210526316	0.9473684210526316	0.0526315789473684	0	72	4	0	False	SNV
CtDUw	687040	76	2	A	A	C	0.9473684210526316	0.9473684210526316	0.0526315789473684	72	4	0	0	False	SNV
CtDUw	687186	67	2	G	G	C	0.9402985074626866	0.9402985074626866	0.0597014925373134	0	4	0	63	False	SNV
CtDUw	689384	63	1	A	C	A	0.0	1.0	0.0	0	63	0	0	False	SNS
CtDUw	694975	79	1	T	C	A	0.0	1.0	0.0	0	79	0	0	False	SNS
CtDUw	696166	90	1	A	G	A	0.0	1.0	0.0	0	0	0	90	False	SNS
CtDUw	699580	121	1	T	C	T	0.0082644628099173	0.9917355371900828	0.0082644628099173	0	120	1	0	False	SNS
CtDUw	703174	122	1	C	A	C	0.0081967213114754	0.9918032786885246	0.0081967213114754	121	1	0	0	False	SNS
CtDUw	703929	92	1	A	G	C	0.0	0.9891304347826086	0.0108695652173913	0	1	0	91	False	SNS
CtDUw	704154	102	1	A	G	A	0.0	1.0	0.0	0	0	0	102	False	SNS
CtDUw	704566	87	1	G	A	G	0.0114942528735632	0.9885057471264368	0.0114942528735632	86	0	0	1	False	SNS
CtDUw	706329	86	1	T	C	A	0.0	1.0	0.0	0	86	0	0	False	SNS
CtDUw	706374	86	1	G	A	G	0.0116279069767441	0.9883720930232558	0.0116279069767441	85	0	0	1	False	SNS
CtDUw	706394	91	1	C	T	C	0.0109890109890109	0.989010989010989	0.0109890109890109	0	1	90	0	False	SNS
CtDUw	707543	61	2	C	C	A	0.9344262295081968	0.9344262295081968	0.0655737704918032	4	57	0	0	False	SNV
CtDUw	707583	66	1	A	G	T	0.0	0.9848484848484848	0.0151515151515151	0	0	1	65	False	SNS
CtDUw	708152	26	1	T	C	A	0.0	1.0	0.0	0	26	0	0	False	SNS
CtDUw	708155	26	1	G	T	A	0.0	1.0	0.0	0	0	26	0	False	SNS
CtDUw	708156	24	1	C	T	A	0.0	1.0	0.0	0	0	24	0	False	SNS
CtDUw	708157	24	1	C	T	A	0.0	1.0	0.0	0	0	24	0	False	SNS
CtDUw	708160	23	1	G	T	A	0.0	1.0	0.0	0	0	23	0	False	SNS
CtDUw	708161	19	1	T	G	A	0.0	1.0	0.0	0	0	0	19	False	SNS
CtDUw	708165	17	1	C	T	A	0.0	1.0	0.0	0	0	17	0	False	SNS
CtDUw	708171	13	1	T	C	A	0.0	1.0	0.0	0	13	0	0	False	SNS
CtDUw	708180	11	1	G	T	A	0.0	1.0	0.0	0	0	11	0	False	SNS
CtDUw	708181	10	1	T	G	A	0.0	1.0	0.0	0	0	0	10	False	SNS
CtDUw	708185	11	1	C	T	A	0.0	1.0	0.0	0	0	11	0	False	SNS
CtDUw	708189	13	1	C	A	A	0.0	1.0	1.0	13	0	0	0	False	SNS
CtDUw	708191	13	1	T	C	A	0.0	1.0	0.0	0	13	0	0	False	SNS
CtDUw	708194	10	1	C	G	A	0.0	1.0	0.0	0	0	0	10	False	SNS
CtDUw	708195	11	1	A	C	A	0.0909090909090909	0.9090909090909092	0.0909090909090909	1	10	0	0	False	SNS
CtDUw	708212	22	1	T	C	A	0.0	1.0	0.0	0	22	0	0	False	SNS
CtDUw	708216	24	1	C	A	A	0.0	1.0	1.0	24	0	0	0	False	SNS
CtDUw	708219	24	1	G	A	A	0.0	1.0	1.0	24	0	0	0	False	SNS
CtDUw	708225	29	1	G	A	G	0.0344827586206896	0.9655172413793104	0.0344827586206896	28	0	0	1	False	SNS
CtDUw	708264	54	1	T	C	A	0.0	1.0	0.0	0	54	0	0	False	SNS
CtDUw	708273	59	1	G	A	A	0.0	1.0	1.0	59	0	0	0	False	SNS
CtDUw	708279	60	1	A	G	A	0.0	1.0	0.0	0	0	0	60	False	SNS
CtDUw	708604	49	2	T	T	C	0.9387755102040816	0.9387755102040816	0.0612244897959183	0	3	46	0	False	SNV
CtDUw	708607	47	2	T	T	C	0.8936170212765957	0.8936170212765957	0.1063829787234042	0	5	42	0	False	SNV
CtDUw	708608	47	2	T	T	C	0.9361702127659576	0.9361702127659576	0.0638297872340425	0	3	44	0	False	SNV
CtDUw	708609	47	2	A	A	C	0.7872340425531915	0.7872340425531915	0.1702127659574468	37	8	2	0	False	SNV
CtDUw	708613	52	2	A	A	G	0.903846153846154	0.903846153846154	0.0961538461538461	47	0	0	5	False	SNV
CtDUw	708614	54	2	A	A	T	0.9074074074074074	0.9074074074074074	0.0925925925925925	49	0	5	0	False	SNV
CtDUw	708617	49	2	G	G	T	0.9387755102040816	0.9387755102040816	0.0612244897959183	0	0	3	46	False	SNV
CtDUw	708618	51	2	C	C	A	0.9411764705882352	0.9411764705882352	0.0588235294117647	3	48	0	0	False	SNV
CtDUw	708642	52	1	T	C	A	0.0	1.0	0.0	0	52	0	0	False	SNS
CtDUw	708660	63	1	C	T	A	0.0	1.0	0.0	0	0	63	0	False	SNS
CtDUw	708679	72	1	G	T	A	0.0	1.0	0.0	0	0	72	0	False	SNS
CtDUw	708742	105	1	G	A	A	0.0	1.0	1.0	105	0	0	0	False	SNS
CtDUw	708810	104	1	A	G	A	0.0	1.0	0.0	0	0	0	104	False	SNS
CtDUw	709040	47	1	A	G	A	0.0	1.0	0.0	0	0	0	47	False	SNS
CtDUw	709084	51	1	T	C	T	0.0196078431372549	0.9803921568627452	0.0196078431372549	0	50	1	0	False	SNS
CtDUw	709283	55	2	A	A	C	0.9454545454545454	0.9454545454545454	0.0545454545454545	52	3	0	0	False	SNV
CtDUw	709422	74	1	G	A	G	0.0135135135135135	0.9864864864864864	0.0135135135135135	73	0	0	1	False	SNS
CtDUw	709463	74	1	G	A	G	0.0135135135135135	0.9864864864864864	0.0135135135135135	73	0	0	1	False	SNS
CtDUw	709513	75	1	T	C	T	0.0133333333333333	0.9866666666666668	0.0133333333333333	0	74	1	0	False	SNS
CtDUw	710717	81	1	A	G	A	0.0	1.0	0.0	0	0	0	81	False	SNS
CtDUw	711702	81	1	T	C	A	0.0	0.9876543209876544	0.0123456790123456	1	80	0	0	False	SNS
CtDUw	711779	69	1	G	A	A	0.0	1.0	1.0	69	0	0	0	False	SNS
CtDUw	715884	92	1	T	C	A	0.0	1.0	0.0	0	92	0	0	False	SNS
CtDUw	717492	73	1	T	C	A	0.0	1.0	0.0	0	73	0	0	False	SNS
CtDUw	717580	66	1	T	C	A	0.0	1.0	0.0	0	66	0	0	False	SNS
CtDUw	718760	79	1	G	T	A	0.0	1.0	0.0	0	0	79	0	False	SNS
CtDUw	718961	65	2	C	C	T	0.9230769230769232	0.9230769230769232	0.0615384615384615	1	60	4	0	False	SNV
CtDUw	719368	62	1	G	A	A	0.0	1.0	1.0	62	0	0	0	False	SNS
CtDUw	720058	59	1	A	T	A	0.0	1.0	0.0	0	0	59	0	False	SNS
CtDUw	720274	96	1	T	C	A	0.0	1.0	0.0	0	96	0	0	False	SNS
CtDUw	724633	78	1	C	T	A	0.0	1.0	0.0	0	0	78	0	False	SNS
CtDUw	733650	86	1	A	G	A	0.0	1.0	0.0	0	0	0	86	False	SNS
CtDUw	733705	109	1	T	C	A	0.0	1.0	0.0	0	109	0	0	False	SNS
CtDUw	735878	81	1	C	T	C	0.0123456790123456	0.9753086419753086	0.0123456790123456	0	1	79	1	False	SNS
CtDUw	736328	79	1	C	T	A	0.0	1.0	0.0	0	0	79	0	False	SNS
CtDUw	736581	140	1	A	G	A	0.0	1.0	0.0	0	0	0	140	False	SNS
CtDUw	737271	99	1	G	A	G	0.0101010101010101	0.98989898989899	0.0101010101010101	98	0	0	1	False	SNS
CtDUw	737273	11	2	T	T	G	0.7272727272727273	0.7272727272727273	0.2727272727272727	0	0	8	3	False	SNV
CtDUw	737282	111	1	T	A	T	0.027027027027027	0.972972972972973	0.027027027027027	108	0	3	0	False	SNS
CtDUw	737840	109	1	G	A	G	0.0091743119266055	0.9908256880733946	0.0091743119266055	108	0	0	1	False	SNS
CtDUw	742557	143	1	C	T	A	0.0	1.0	0.0	0	0	143	0	False	SNS
CtDUw	744284	124	1	C	G	C	0.0161290322580645	0.9838709677419356	0.0161290322580645	0	2	0	122	False	SNS
CtDUw	745704	135	1	T	C	T	0.0074074074074074	0.9925925925925926	0.0074074074074074	0	134	1	0	False	SNS
CtDUw	745761	111	1	G	A	G	0.009009009009009	0.990990990990991	0.009009009009009	110	0	0	1	False	SNS
CtDUw	747681	82	1	C	T	A	0.0	1.0	0.0	0	0	82	0	False	SNS
CtDUw	747721	90	1	G	A	A	0.0	1.0	1.0	90	0	0	0	False	SNS
CtDUw	747813	116	1	G	A	A	0.0	1.0	1.0	116	0	0	0	False	SNS
CtDUw	747985	80	1	G	A	T	0.0	0.9875	0.0125	79	0	1	0	False	SNS
CtDUw	748123	77	1	C	T	A	0.0	1.0	0.0	0	0	77	0	False	SNS
CtDUw	748319	97	1	C	T	C	0.0103092783505154	0.9896907216494846	0.0103092783505154	0	1	96	0	False	SNS
CtDUw	748934	129	1	G	A	A	0.0	1.0	1.0	129	0	0	0	False	SNS
CtDUw	749707	120	1	T	C	A	0.0	1.0	0.0	0	120	0	0	False	SNS
CtDUw	752395	98	1	T	C	A	0.0	1.0	0.0	0	98	0	0	False	SNS
CtDUw	752482	76	1	A	G	A	0.0	1.0	0.0	0	0	0	76	False	SNS
CtDUw	752748	70	1	C	A	A	0.0	1.0	1.0	70	0	0	0	False	SNS
CtDUw	752803	75	1	C	T	A	0.0	1.0	0.0	0	0	75	0	False	SNS
CtDUw	752823	76	1	A	G	A	0.0	1.0	0.0	0	0	0	76	False	SNS
CtDUw	752874	75	1	A	G	A	0.0	1.0	0.0	0	0	0	75	False	SNS
CtDUw	752931	82	1	T	C	A	0.0	1.0	0.0	0	82	0	0	False	SNS
CtDUw	753109	70	1	T	G	A	0.0	1.0	0.0	0	0	0	70	False	SNS
CtDUw	753147	73	1	A	G	A	0.0	1.0	0.0	0	0	0	73	False	SNS
CtDUw	753171	71	1	C	T	A	0.0	1.0	0.0	0	0	71	0	False	SNS
CtDUw	753231	80	1	T	C	A	0.0	1.0	0.0	0	80	0	0	False	SNS
CtDUw	753372	98	1	T	C	A	0.0	1.0	0.0	0	98	0	0	False	SNS
CtDUw	753387	102	1	A	G	T	0.0	0.9901960784313726	0.0098039215686274	0	0	1	101	False	SNS
CtDUw	753393	98	1	G	A	G	0.010204081632653	0.9897959183673468	0.010204081632653	97	0	0	1	False	SNS
CtDUw	753399	100	1	C	T	A	0.0	1.0	0.0	0	0	100	0	False	SNS
CtDUw	753431	8	2	G	A	T	0.0	0.5	0.5	4	0	4	0	False	pop_SNV
CtDUw	753465	76	1	T	C	A	0.0	1.0	0.0	0	76	0	0	False	SNS
CtDUw	753501	76	1	G	A	A	0.0	1.0	1.0	76	0	0	0	False	SNS
CtDUw	753523	71	1	T	C	A	0.0	0.9859154929577464	0.0140845070422535	1	70	0	0	False	SNS
CtDUw	753545	67	1	G	T	A	0.0	1.0	0.0	0	0	67	0	False	SNS
CtDUw	753629	68	1	G	A	T	0.0	0.9852941176470588	0.0147058823529411	67	0	1	0	False	SNS
CtDUw	753731	80	1	T	C	T	0.0125	0.9875	0.0125	0	79	1	0	False	SNS
CtDUw	753749	77	1	G	A	A	0.0	1.0	1.0	77	0	0	0	False	SNS
CtDUw	753803	81	1	T	C	A	0.0	1.0	0.0	0	81	0	0	False	SNS
CtDUw	753833	102	1	G	T	A	0.0	1.0	0.0	0	0	102	0	False	SNS
CtDUw	753878	114	1	T	C	A	0.0	1.0	0.0	0	114	0	0	False	SNS
CtDUw	753923	131	1	T	C	A	0.0	1.0	0.0	0	131	0	0	False	SNS
CtDUw	754120	140	1	G	T	G	0.0071428571428571	0.9928571428571428	0.0071428571428571	0	0	139	1	False	SNS
CtDUw	754155	125	1	A	C	A	0.016	0.984	0.016	2	123	0	0	False	SNS
CtDUw	754160	122	1	G	A	G	0.0163934426229508	0.9836065573770492	0.0163934426229508	120	0	0	2	False	SNS
CtDUw	754169	114	1	C	T	C	0.0087719298245614	0.9912280701754386	0.0087719298245614	0	1	113	0	False	SNS
CtDUw	754187	115	1	C	T	C	0.008695652173913	0.991304347826087	0.008695652173913	0	1	114	0	False	SNS
CtDUw	754205	121	1	A	C	A	0.0082644628099173	0.9917355371900828	0.0082644628099173	1	120	0	0	False	SNS
CtDUw	754217	113	1	C	T	C	0.0088495575221238	0.991150442477876	0.0088495575221238	0	1	112	0	False	SNS
CtDUw	754220	119	1	A	T	A	0.0084033613445378	0.9915966386554622	0.0084033613445378	1	0	118	0	False	SNS
CtDUw	754334	112	1	T	C	A	0.0	1.0	0.0	0	112	0	0	False	SNS
CtDUw	754575	50	2	A	A	T	0.94	0.94	0.06	47	0	3	0	False	SNV
CtDUw	754577	54	2	A	A	T	0.9444444444444444	0.9444444444444444	0.0555555555555555	51	0	3	0	False	SNV
CtDUw	755080	83	1	C	T	C	0.0120481927710843	0.9879518072289156	0.0120481927710843	0	1	82	0	False	SNS
CtDUw	755217	88	1	C	T	C	0.0227272727272727	0.9772727272727272	0.0227272727272727	0	2	86	0	False	SNS
CtDUw	755380	107	1	T	C	A	0.0	1.0	0.0	0	107	0	0	False	SNS
CtDUw	756565	94	1	T	C	A	0.0	1.0	0.0	0	94	0	0	False	SNS
CtDUw	757691	98	2	A	A	T	0.9489795918367347	0.9489795918367347	0.0510204081632653	93	0	5	0	False	SNV
CtDUw	757692	98	2	G	G	C	0.9489795918367347	0.9489795918367347	0.0510204081632653	0	5	0	93	False	SNV
CtDUw	758137	99	1	G	A	A	0.0	1.0	1.0	99	0	0	0	False	SNS
CtDUw	759489	92	1	C	T	C	0.0108695652173913	0.9891304347826086	0.0108695652173913	0	1	91	0	False	SNS
CtDUw	759560	96	1	G	A	A	0.0	1.0	1.0	96	0	0	0	False	SNS
CtDUw	759770	63	1	T	C	A	0.0	1.0	0.0	0	63	0	0	False	SNS
CtDUw	759798	65	1	A	G	A	0.0	1.0	0.0	0	0	0	65	False	SNS
CtDUw	759858	59	1	G	A	A	0.0	1.0	1.0	59	0	0	0	False	SNS
CtDUw	759909	56	1	A	G	A	0.0	1.0	0.0	0	0	0	56	False	SNS
CtDUw	760013	69	2	T	T	A	0.927536231884058	0.927536231884058	0.072463768115942	5	0	64	0	False	SNV
CtDUw	760014	66	2	A	A	G	0.9242424242424242	0.9242424242424242	0.0757575757575757	61	0	0	5	False	SNV
CtDUw	760016	68	2	C	C	A	0.8970588235294118	0.8970588235294118	0.1029411764705882	7	61	0	0	False	SNV
CtDUw	760018	75	2	T	T	G	0.8533333333333334	0.8533333333333334	0.1466666666666666	0	0	64	11	False	SNV
CtDUw	760046	88	1	C	T	A	0.0	1.0	0.0	0	0	88	0	False	SNS
CtDUw	760084	104	1	T	C	A	0.0	1.0	0.0	0	104	0	0	False	SNS
CtDUw	760286	97	1	A	G	A	0.0103092783505154	0.9896907216494846	0.0103092783505154	1	0	0	96	False	SNS
CtDUw	760508	84	1	T	C	A	0.0	1.0	0.0	0	84	0	0	False	SNS
CtDUw	760729	74	1	G	A	A	0.0	1.0	1.0	74	0	0	0	False	SNS
CtDUw	761022	105	1	T	C	A	0.0	1.0	0.0	0	105	0	0	False	SNS
CtDUw	763259	83	1	T	C	A	0.0	1.0	0.0	0	83	0	0	False	SNS
CtDUw	763822	81	1	T	C	T	0.0123456790123456	0.9876543209876544	0.0123456790123456	0	80	1	0	False	SNS
CtDUw	764149	91	1	C	T	A	0.0	1.0	0.0	0	0	91	0	False	SNS
CtDUw	764341	96	1	C	T	A	0.0	1.0	0.0	0	0	96	0	False	SNS
CtDUw	764699	75	1	C	T	A	0.0	1.0	0.0	0	0	75	0	False	SNS
CtDUw	766059	93	1	T	C	A	0.0	1.0	0.0	0	93	0	0	False	SNS
CtDUw	768561	125	1	G	A	A	0.0	1.0	1.0	125	0	0	0	False	SNS
CtDUw	768595	125	1	A	G	A	0.0	1.0	0.0	0	0	0	125	False	SNS
CtDUw	768601	123	1	A	G	A	0.0	1.0	0.0	0	0	0	123	False	SNS
CtDUw	768818	152	1	T	C	A	0.0	0.993421052631579	0.006578947368421	1	151	0	0	False	SNS
CtDUw	768903	144	1	A	G	A	0.0	1.0	0.0	0	0	0	144	False	SNS
CtDUw	769251	102	1	G	A	A	0.0	1.0	1.0	102	0	0	0	False	SNS
CtDUw	769600	81	1	C	T	A	0.0	1.0	0.0	0	0	81	0	False	SNS
CtDUw	770625	63	1	A	G	A	0.0	1.0	0.0	0	0	0	63	False	SNS
CtDUw	770645	58	1	A	G	A	0.0	1.0	0.0	0	0	0	58	False	SNS
CtDUw	770673	54	1	A	G	A	0.0	1.0	0.0	0	0	0	54	False	SNS
CtDUw	770696	53	1	T	C	A	0.0	1.0	0.0	0	53	0	0	False	SNS
CtDUw	770738	77	1	G	A	A	0.0	1.0	1.0	77	0	0	0	False	SNS
CtDUw	770742	79	1	T	G	A	0.0	1.0	0.0	0	0	0	79	False	SNS
CtDUw	770765	90	1	A	C	A	0.0	1.0	0.0	0	90	0	0	False	SNS
CtDUw	770767	93	1	T	C	A	0.0	1.0	0.0	0	93	0	0	False	SNS
CtDUw	770772	97	1	T	G	A	0.0	1.0	0.0	0	0	0	97	False	SNS
CtDUw	770776	99	1	A	G	A	0.0	1.0	0.0	0	0	0	99	False	SNS
CtDUw	770780	94	1	A	T	A	0.0	1.0	0.0	0	0	94	0	False	SNS
CtDUw	770789	102	1	G	A	A	0.0	1.0	1.0	102	0	0	0	False	SNS
CtDUw	770950	119	1	T	C	A	0.0	1.0	0.0	0	119	0	0	False	SNS
CtDUw	771150	126	1	A	G	A	0.0	1.0	0.0	0	0	0	126	False	SNS
CtDUw	771266	142	1	G	A	A	0.0	1.0	1.0	142	0	0	0	False	SNS
CtDUw	771289	122	1	A	G	A	0.0	1.0	0.0	0	0	0	122	False	SNS
CtDUw	771500	135	1	T	C	A	0.0	1.0	0.0	0	135	0	0	False	SNS
CtDUw	771521	140	1	T	G	A	0.0	1.0	0.0	0	0	0	140	False	SNS
CtDUw	771539	137	1	T	C	A	0.0	1.0	0.0	0	137	0	0	False	SNS
CtDUw	771545	144	1	G	A	A	0.0	1.0	1.0	144	0	0	0	False	SNS
CtDUw	771548	140	1	T	C	A	0.0	1.0	0.0	0	140	0	0	False	SNS
CtDUw	771578	157	1	G	A	A	0.0	1.0	1.0	157	0	0	0	False	SNS
CtDUw	771605	152	1	C	T	A	0.0	1.0	0.0	0	0	152	0	False	SNS
CtDUw	771818	76	1	T	C	A	0.0	1.0	0.0	0	76	0	0	False	SNS
CtDUw	771833	82	1	T	C	T	0.0121951219512195	0.9878048780487804	0.0121951219512195	0	81	1	0	False	SNS
CtDUw	771869	81	1	G	A	G	0.0123456790123456	0.9876543209876544	0.0123456790123456	80	0	0	1	False	SNS
CtDUw	771944	77	1	A	G	A	0.0	1.0	0.0	0	0	0	77	False	SNS
CtDUw	771965	76	1	G	A	A	0.0	1.0	1.0	76	0	0	0	False	SNS
CtDUw	771990	68	1	C	T	A	0.0	1.0	0.0	0	0	68	0	False	SNS
CtDUw	772016	64	1	T	C	A	0.0	1.0	0.0	0	64	0	0	False	SNS
CtDUw	772040	61	1	T	G	A	0.0	1.0	0.0	0	0	0	61	False	SNS
CtDUw	772053	58	1	T	C	A	0.0	1.0	0.0	0	58	0	0	False	SNS
CtDUw	772097	60	1	T	A	A	0.0	1.0	1.0	60	0	0	0	False	SNS
CtDUw	772133	68	1	A	C	A	0.0	1.0	0.0	0	68	0	0	False	SNS
CtDUw	772193	50	1	G	A	A	0.0	1.0	1.0	50	0	0	0	False	SNS
CtDUw	772244	29	1	G	A	A	0.0	1.0	1.0	29	0	0	0	False	SNS
CtDUw	772250	27	1	T	C	A	0.0	1.0	0.0	0	27	0	0	False	SNS
CtDUw	772262	19	1	T	C	A	0.0	1.0	0.0	0	19	0	0	False	SNS
CtDUw	772265	17	1	G	A	A	0.0	1.0	1.0	17	0	0	0	False	SNS
CtDUw	772268	17	1	G	A	A	0.0	1.0	1.0	17	0	0	0	False	SNS
CtDUw	772271	19	1	C	T	A	0.0	1.0	0.0	0	0	19	0	False	SNS
CtDUw	772277	20	1	T	C	A	0.0	1.0	0.0	0	20	0	0	False	SNS
CtDUw	772289	22	1	G	A	A	0.0	1.0	1.0	22	0	0	0	False	SNS
CtDUw	772292	24	1	C	T	A	0.0	1.0	0.0	0	0	24	0	False	SNS
CtDUw	772308	24	1	C	T	A	0.0	1.0	0.0	0	0	24	0	False	SNS
CtDUw	772316	25	1	A	G	A	0.0	1.0	0.0	0	0	0	25	False	SNS
CtDUw	772319	24	1	C	T	A	0.0	1.0	0.0	0	0	24	0	False	SNS
CtDUw	772421	64	1	G	C	A	0.0	1.0	0.0	0	64	0	0	False	SNS
CtDUw	772430	68	1	T	C	A	0.0	1.0	0.0	0	68	0	0	False	SNS
CtDUw	772445	68	1	A	G	A	0.0	1.0	0.0	0	0	0	68	False	SNS
CtDUw	772457	66	1	A	T	A	0.0	1.0	0.0	0	0	66	0	False	SNS
CtDUw	772466	65	1	G	A	A	0.0	1.0	1.0	65	0	0	0	False	SNS
CtDUw	772487	76	1	C	T	A	0.0	1.0	0.0	0	0	76	0	False	SNS
CtDUw	772535	73	1	T	C	A	0.0	1.0	0.0	0	73	0	0	False	SNS
CtDUw	772574	77	1	G	A	A	0.0	1.0	1.0	77	0	0	0	False	SNS
CtDUw	772611	77	1	T	C	A	0.0	1.0	0.0	0	77	0	0	False	SNS
CtDUw	772625	87	1	G	C	A	0.0	1.0	0.0	0	87	0	0	False	SNS
CtDUw	772724	87	1	A	G	A	0.0	1.0	0.0	0	0	0	87	False	SNS
CtDUw	772763	89	1	A	G	A	0.0	1.0	0.0	0	0	0	89	False	SNS
CtDUw	772898	107	1	A	G	A	0.0093457943925233	0.9906542056074766	0.0093457943925233	1	0	0	106	False	SNS
CtDUw	773389	76	1	A	G	A	0.0	1.0	0.0	0	0	0	76	False	SNS
CtDUw	773516	82	1	C	T	A	0.0	1.0	0.0	0	0	82	0	False	SNS
CtDUw	774979	67	1	G	A	A	0.0	1.0	1.0	67	0	0	0	False	SNS
CtDUw	774981	67	1	G	A	A	0.0	1.0	1.0	67	0	0	0	False	SNS
CtDUw	774982	66	1	C	T	A	0.0	1.0	0.0	0	0	66	0	False	SNS
CtDUw	774988	69	1	A	G	T	0.0	0.9855072463768116	0.0144927536231884	0	0	1	68	False	SNS
CtDUw	774997	67	1	G	A	A	0.0	1.0	1.0	67	0	0	0	False	SNS
CtDUw	775021	66	1	G	A	A	0.0	1.0	1.0	66	0	0	0	False	SNS
CtDUw	775048	70	1	G	A	A	0.0	1.0	1.0	70	0	0	0	False	SNS
CtDUw	775054	69	1	T	C	A	0.0	1.0	0.0	0	69	0	0	False	SNS
CtDUw	775063	79	1	T	G	A	0.0	1.0	0.0	0	0	0	79	False	SNS
CtDUw	775069	78	1	G	A	A	0.0	1.0	1.0	78	0	0	0	False	SNS
CtDUw	775071	78	1	T	C	A	0.0	1.0	0.0	0	78	0	0	False	SNS
CtDUw	775102	96	1	A	G	A	0.0	1.0	0.0	0	0	0	96	False	SNS
CtDUw	775172	99	1	C	T	A	0.0	1.0	0.0	0	0	99	0	False	SNS
CtDUw	775208	100	2	A	A	G	0.91	0.91	0.07	91	0	2	7	False	SNV
CtDUw	775209	98	2	A	G	A	0.0510204081632653	0.9489795918367347	0.0510204081632653	5	0	0	93	False	con_SNV
CtDUw	775211	96	1	C	T	A	0.0	0.9895833333333334	0.0104166666666666	1	0	95	0	False	SNS
CtDUw	776533	88	1	T	C	T	0.0227272727272727	0.9772727272727272	0.0227272727272727	0	86	2	0	False	SNS
CtDUw	776963	117	1	C	T	G	0.0	0.9914529914529916	0.0085470085470085	0	0	116	1	False	SNS
CtDUw	777158	124	1	G	A	A	0.0	1.0	1.0	124	0	0	0	False	SNS
CtDUw	778689	40	1	G	A	G	0.025	0.975	0.025	39	0	0	1	False	SNS
CtDUw	778690	39	1	C	A	A	0.0	1.0	1.0	39	0	0	0	False	SNS
CtDUw	778691	38	1	A	G	A	0.0263157894736842	0.9736842105263158	0.0263157894736842	1	0	0	37	False	SNS
CtDUw	778695	32	1	A	G	A	0.0	1.0	0.0	0	0	0	32	False	SNS
CtDUw	778728	10	2	T	A	G	0.1	0.6	0.3	6	0	1	3	False	pop_SNV
CtDUw	778729	10	2	T	T	A	0.8	0.8	0.2	2	0	8	0	False	SNV
CtDUw	778736	7	2	T	T	G	0.5714285714285714	0.5714285714285714	0.4285714285714285	0	0	4	3	False	SNV
CtDUw	778738	5	1	C	G	A	0.0	1.0	0.0	0	0	0	5	False	SNS
CtDUw	778739	5	2	A	G	A	0.4	0.6	0.4	2	0	0	3	False	con_SNV
CtDUw	778742	5	2	A	A	G	0.6	0.6	0.4	3	0	0	2	False	SNV
CtDUw	778743	5	1	A	G	A	0.0	1.0	0.0	0	0	0	5	False	SNS
CtDUw	778862	7	1	T	C	T	0.1428571428571428	0.8571428571428571	0.1428571428571428	0	6	1	0	False	SNS
CtDUw	778864	7	1	T	A	A	0.0	1.0	1.0	7	0	0	0	False	SNS
CtDUw	778908	10	1	T	A	A	0.0	1.0	1.0	10	0	0	0	False	SNS
CtDUw	779016	6	1	C	T	A	0.0	1.0	0.0	0	0	6	0	False	SNS
CtDUw	779813	6	1	G	C	A	0.0	1.0	0.0	0	6	0	0	False	SNS
CtDUw	779817	8	1	T	C	T	0.125	0.875	0.125	0	7	1	0	False	SNS
CtDUw	779874	35	1	A	C	A	0.0	1.0	0.0	0	35	0	0	False	SNS
CtDUw	779876	38	1	C	T	A	0.0	1.0	0.0	0	0	38	0	False	SNS
CtDUw	779906	44	1	C	T	A	0.0	1.0	0.0	0	0	44	0	False	SNS
CtDUw	780529	127	1	A	G	A	0.0236220472440944	0.9763779527559056	0.0236220472440944	3	0	0	124	False	SNS
CtDUw	780532	124	1	G	A	G	0.0161290322580645	0.9838709677419356	0.0161290322580645	122	0	0	2	False	SNS
CtDUw	780533	121	1	G	T	G	0.0082644628099173	0.9917355371900828	0.0082644628099173	0	0	120	1	False	SNS
CtDUw	780823	114	1	T	C	A	0.0	1.0	0.0	0	114	0	0	False	SNS
CtDUw	781216	95	1	T	C	A	0.0	1.0	0.0	0	95	0	0	False	SNS
CtDUw	781324	114	1	G	T	G	0.0263157894736842	0.9736842105263158	0.0263157894736842	0	0	111	3	False	SNS
CtDUw	781358	115	1	C	T	C	0.008695652173913	0.991304347826087	0.008695652173913	0	1	114	0	False	SNS
CtDUw	788492	90	1	T	C	G	0.0	0.9888888888888888	0.0111111111111111	0	89	0	1	False	SNS
CtDUw	791840	102	1	A	G	A	0.0	1.0	0.0	0	0	0	102	False	SNS
CtDUw	792726	55	1	C	T	A	0.0	1.0	0.0	0	0	55	0	False	SNS
CtDUw	797164	137	1	C	A	A	0.0	1.0	1.0	137	0	0	0	False	SNS
CtDUw	804188	84	1	A	C	A	0.0	1.0	0.0	0	84	0	0	False	SNS
CtDUw	804207	77	1	C	T	A	0.0	0.987012987012987	0.0129870129870129	1	0	76	0	False	SNS
CtDUw	804263	78	1	A	G	A	0.0	1.0	0.0	0	0	0	78	False	SNS
CtDUw	805566	76	1	G	A	A	0.0	1.0	1.0	76	0	0	0	False	SNS
CtDUw	805745	65	1	G	A	A	0.0	1.0	1.0	65	0	0	0	False	SNS
CtDUw	806089	68	2	T	T	C	0.9411764705882352	0.9411764705882352	0.0588235294117647	0	4	64	0	False	SNV
CtDUw	806096	63	1	G	A	C	0.0	0.9682539682539684	0.0158730158730158	61	1	1	0	False	SNS
CtDUw	808229	38	2	T	T	C	0.9473684210526316	0.9473684210526316	0.0526315789473684	0	2	36	0	False	SNV
CtDUw	808250	30	1	T	C	T	0.0333333333333333	0.9666666666666668	0.0333333333333333	0	29	1	0	False	SNS
CtDUw	808344	37	2	C	C	T	0.945945945945946	0.945945945945946	0.054054054054054	0	35	2	0	False	SNV
CtDUw	810453	89	1	A	C	A	0.0112359550561797	0.9887640449438202	0.0112359550561797	1	88	0	0	False	SNS
CtDUw	810669	83	1	T	C	A	0.0	1.0	0.0	0	83	0	0	False	SNS
CtDUw	811019	67	1	G	A	A	0.0	1.0	1.0	67	0	0	0	False	SNS
CtDUw	823791	73	2	G	G	C	0.9452054794520548	0.9452054794520548	0.0547945205479452	0	4	0	69	False	SNV
CtDUw	823794	70	2	G	G	T	0.9428571428571428	0.9428571428571428	0.0571428571428571	0	0	4	66	False	SNV
CtDUw	831657	58	1	T	G	T	0.0344827586206896	0.9655172413793104	0.0344827586206896	0	0	2	56	False	SNS
CtDUw	832018	57	1	A	G	A	0.0	1.0	0.0	0	0	0	57	False	SNS
CtDUw	832170	101	1	T	C	A	0.0	1.0	0.0	0	101	0	0	False	SNS
CtDUw	832941	91	1	T	C	A	0.0	1.0	0.0	0	91	0	0	False	SNS
CtDUw	833057	91	1	C	T	A	0.0	1.0	0.0	0	0	91	0	False	SNS
CtDUw	833178	92	1	C	G	A	0.0	1.0	0.0	0	0	0	92	False	SNS
CtDUw	835619	113	1	G	T	G	0.0176991150442477	0.9823008849557522	0.0176991150442477	0	0	111	2	False	SNS
CtDUw	836111	89	1	G	A	A	0.0	1.0	1.0	89	0	0	0	False	SNS
CtDUw	836718	75	1	G	A	A	0.0	1.0	1.0	75	0	0	0	False	SNS
CtDUw	836958	58	1	T	G	A	0.0	1.0	0.0	0	0	0	58	False	SNS
CtDUw	837561	114	2	C	C	T	0.9385964912280702	0.9385964912280702	0.0614035087719298	0	107	7	0	False	SNV
CtDUw	838529	94	1	T	C	T	0.0212765957446808	0.9787234042553192	0.0212765957446808	0	92	2	0	False	SNS
CtDUw	843543	74	1	C	G	A	0.0	1.0	0.0	0	0	0	74	False	SNS
CtDUw	843666	92	1	A	G	A	0.0	1.0	0.0	0	0	0	92	False	SNS
CtDUw	844014	77	1	C	T	A	0.0	1.0	0.0	0	0	77	0	False	SNS
CtDUw	845460	98	1	T	C	A	0.0	1.0	0.0	0	98	0	0	False	SNS
CtDUw	846591	61	1	C	G	A	0.0163934426229508	0.9672131147540984	0.0163934426229508	1	1	0	59	False	SNS
CtDUw	846688	85	1	C	T	A	0.0	1.0	0.0	0	0	85	0	False	SNS
CtDUw	847554	65	1	C	T	A	0.0	1.0	0.0	0	0	65	0	False	SNS
CtDUw	847973	121	1	T	C	T	0.0082644628099173	0.9917355371900828	0.0082644628099173	0	120	1	0	False	SNS
CtDUw	849951	85	1	C	T	A	0.0	1.0	0.0	0	0	85	0	False	SNS
CtDUw	853360	79	1	C	T	A	0.0	1.0	0.0	0	0	79	0	False	SNS
CtDUw	853615	66	1	G	A	G	0.0151515151515151	0.9848484848484848	0.0151515151515151	65	0	0	1	False	SNS
CtDUw	853663	67	1	C	T	C	0.0149253731343283	0.9850746268656716	0.0149253731343283	0	1	66	0	False	SNS
CtDUw	853833	138	1	A	G	A	0.0072463768115942	0.9927536231884058	0.0072463768115942	1	0	0	137	False	SNS
CtDUw	858970	110	1	G	A	A	0.0	1.0	1.0	110	0	0	0	False	SNS
CtDUw	859510	77	1	A	G	A	0.0	1.0	0.0	0	0	0	77	False	SNS
CtDUw	859655	77	1	C	T	A	0.0	1.0	0.0	0	0	77	0	False	SNS
CtDUw	859749	83	1	T	C	A	0.0	1.0	0.0	0	83	0	0	False	SNS
CtDUw	859757	81	1	C	T	A	0.0	1.0	0.0	0	0	81	0	False	SNS
CtDUw	860084	79	1	C	T	C	0.0126582278481012	0.9873417721518988	0.0126582278481012	0	1	78	0	False	SNS
CtDUw	860285	67	1	T	C	A	0.0	1.0	0.0	0	67	0	0	False	SNS
CtDUw	860355	56	1	C	A	A	0.0	1.0	1.0	56	0	0	0	False	SNS
CtDUw	861407	116	1	T	C	A	0.0	1.0	0.0	0	116	0	0	False	SNS
CtDUw	862290	101	1	A	G	A	0.0	1.0	0.0	0	0	0	101	False	SNS
CtDUw	862359	89	1	T	C	A	0.0	1.0	0.0	0	89	0	0	False	SNS
CtDUw	862515	70	1	A	G	A	0.0	1.0	0.0	0	0	0	70	False	SNS
CtDUw	862680	72	1	G	A	G	0.0138888888888888	0.9861111111111112	0.0138888888888888	71	0	0	1	False	SNS
CtDUw	862754	60	1	T	C	A	0.0	0.9833333333333332	0.0166666666666666	1	59	0	0	False	SNS
CtDUw	874803	6	2	T	A	T	0.5	0.5	0.5	3	0	3	0	False	con_SNV
CtDUw	875879	117	1	A	G	A	0.0	1.0	0.0	0	0	0	117	False	SNS
CtDUw	881015	112	1	G	A	G	0.0089285714285714	0.9910714285714286	0.0089285714285714	111	0	0	1	False	SNS
CtDUw	884498	132	1	A	G	A	0.0075757575757575	0.9924242424242424	0.0075757575757575	1	0	0	131	False	SNS
CtDUw	885588	103	1	C	T	A	0.0	1.0	0.0	0	0	103	0	False	SNS
CtDUw	890892	86	1	C	A	C	0.0348837209302325	0.9534883720930232	0.0348837209302325	82	3	0	1	False	SNS
CtDUw	894716	88	1	A	G	A	0.0113636363636363	0.9886363636363636	0.0113636363636363	1	0	0	87	False	SNS
CtDUw	896899	58	2	G	G	T	0.9482758620689656	0.9482758620689656	0.0517241379310344	0	0	3	55	False	SNV
CtDUw	896903	55	2	A	A	C	0.9454545454545454	0.9454545454545454	0.0545454545454545	52	3	0	0	False	SNV
CtDUw	896904	58	2	G	G	C	0.9482758620689656	0.9482758620689656	0.0517241379310344	0	3	0	55	False	SNV
CtDUw	897325	74	1	T	C	A	0.0	1.0	0.0	0	74	0	0	False	SNS
CtDUw	898072	70	1	A	G	A	0.0142857142857142	0.9857142857142858	0.0142857142857142	1	0	0	69	False	SNS
CtDUw	899056	74	1	C	T	A	0.0	1.0	0.0	0	0	74	0	False	SNS
CtDUw	899243	66	1	C	T	C	0.0151515151515151	0.9848484848484848	0.0151515151515151	0	1	65	0	False	SNS
CtDUw	899509	80	1	A	G	A	0.0	1.0	0.0	0	0	0	80	False	SNS
CtDUw	901664	81	1	T	C	A	0.0123456790123456	0.9753086419753086	0.0123456790123456	1	79	1	0	False	SNS
CtDUw	901783	76	1	T	C	A	0.0	1.0	0.0	0	76	0	0	False	SNS
CtDUw	902248	56	1	T	A	A	0.0	1.0	1.0	56	0	0	0	False	SNS
CtDUw	907584	103	1	G	A	G	0.0097087378640776	0.9902912621359224	0.0097087378640776	102	0	0	1	False	SNS
CtDUw	907666	91	1	T	C	A	0.0	1.0	0.0	0	91	0	0	False	SNS
CtDUw	908026	105	1	T	C	A	0.0	1.0	0.0	0	105	0	0	False	SNS
CtDUw	908081	108	1	T	C	T	0.0185185185185185	0.9814814814814816	0.0185185185185185	0	106	2	0	False	SNS
CtDUw	908182	80	1	C	T	A	0.0	1.0	0.0	0	0	80	0	False	SNS
CtDUw	908216	77	1	A	G	A	0.0	1.0	0.0	0	0	0	77	False	SNS
CtDUw	909210	76	1	A	G	A	0.0	1.0	0.0	0	0	0	76	False	SNS
CtDUw	909311	94	1	A	G	A	0.0	1.0	0.0	0	0	0	94	False	SNS
CtDUw	909607	85	1	T	C	A	0.0	1.0	0.0	0	85	0	0	False	SNS
CtDUw	909619	82	1	A	G	A	0.0121951219512195	0.9878048780487804	0.0121951219512195	1	0	0	81	False	SNS
CtDUw	909753	83	1	C	T	A	0.0	1.0	0.0	0	0	83	0	False	SNS
CtDUw	910104	81	1	A	G	A	0.0	1.0	0.0	0	0	0	81	False	SNS
CtDUw	912394	88	1	G	A	G	0.0113636363636363	0.9886363636363636	0.0113636363636363	87	0	0	1	False	SNS
CtDUw	912642	80	1	T	A	A	0.0	1.0	1.0	80	0	0	0	False	SNS
CtDUw	913769	68	1	A	G	A	0.0	1.0	0.0	0	0	0	68	False	SNS
CtDUw	916119	55	1	C	T	G	0.0	0.9818181818181818	0.0181818181818181	0	0	54	1	False	SNS
CtDUw	916399	95	1	G	A	A	0.0	1.0	1.0	95	0	0	0	False	SNS
CtDUw	917128	84	1	G	A	A	0.0	1.0	1.0	84	0	0	0	False	SNS
CtDUw	919713	104	1	C	T	C	0.0096153846153846	0.9903846153846154	0.0096153846153846	0	1	103	0	False	SNS
CtDUw	921231	103	1	G	A	A	0.0	1.0	1.0	103	0	0	0	False	SNS
CtDUw	932418	67	1	C	T	A	0.0	1.0	0.0	0	0	67	0	False	SNS
CtDUw	932470	74	1	C	T	A	0.0	1.0	0.0	0	0	74	0	False	SNS
CtDUw	932499	75	1	C	T	A	0.0	1.0	0.0	0	0	75	0	False	SNS
CtDUw	934305	78	1	T	C	A	0.0	1.0	0.0	0	78	0	0	False	SNS
CtDUw	937696	79	1	A	G	A	0.0	1.0	0.0	0	0	0	79	False	SNS
CtDUw	940972	8	1	A	G	A	0.125	0.875	0.125	1	0	0	7	False	SNS
CtDUw	940973	80	2	G	G	C	0.95	0.95	0.05	0	4	0	76	False	SNV
CtDUw	941008	70	1	T	C	A	0.0	1.0	0.0	0	70	0	0	False	SNS
CtDUw	941074	76	1	A	G	A	0.0263157894736842	0.9736842105263158	0.0263157894736842	2	0	0	74	False	SNS
CtDUw	941582	73	1	T	C	A	0.0	1.0	0.0	0	73	0	0	False	SNS
CtDUw	941605	69	1	G	C	A	0.0	1.0	0.0	0	69	0	0	False	SNS
CtDUw	945523	87	1	A	G	A	0.0	1.0	0.0	0	0	0	87	False	SNS
CtDUw	948542	80	1	A	G	A	0.025	0.975	0.025	2	0	0	78	False	SNS
CtDUw	955254	131	1	C	T	A	0.0	1.0	0.0	0	0	131	0	False	SNS
CtDUw	955573	139	1	T	C	T	0.0071942446043165	0.9928057553956836	0.0071942446043165	0	138	1	0	False	SNS
CtDUw	955803	88	1	A	C	A	0.0227272727272727	0.9772727272727272	0.0227272727272727	2	86	0	0	False	SNS
CtDUw	955840	87	1	G	A	G	0.0114942528735632	0.9885057471264368	0.0114942528735632	86	0	0	1	False	SNS
CtDUw	955880	86	1	T	C	T	0.0116279069767441	0.9883720930232558	0.0116279069767441	0	85	1	0	False	SNS
CtDUw	956102	56	1	T	C	A	0.0	1.0	0.0	0	56	0	0	False	SNS
CtDUw	957281	97	1	A	G	A	0.0	1.0	0.0	0	0	0	97	False	SNS
CtDUw	959630	92	2	A	A	C	0.9456521739130436	0.9456521739130436	0.0543478260869565	87	5	0	0	False	SNV
CtDUw	959631	95	2	G	G	C	0.9473684210526316	0.9473684210526316	0.0526315789473684	0	5	0	90	False	SNV
CtDUw	959633	91	2	C	C	T	0.945054945054945	0.945054945054945	0.0549450549450549	0	86	5	0	False	SNV
CtDUw	959778	99	2	A	A	G	0.9494949494949496	0.9494949494949496	0.0505050505050505	94	0	0	5	False	SNV
CtDUw	959779	100	2	C	C	G	0.95	0.95	0.05	0	95	0	5	False	SNV
CtDUw	961213	98	1	C	T	A	0.0	1.0	0.0	0	0	98	0	False	SNS
CtDUw	961709	76	1	T	C	A	0.0	1.0	0.0	0	76	0	0	False	SNS
CtDUw	961739	76	1	T	C	A	0.0	1.0	0.0	0	76	0	0	False	SNS
CtDUw	961777	67	1	C	T	A	0.0	1.0	0.0	0	0	67	0	False	SNS
CtDUw	961800	78	1	A	G	A	0.0256410256410256	0.9743589743589745	0.0256410256410256	2	0	0	76	False	SNS
CtDUw	961842	73	1	A	G	A	0.0	1.0	0.0	0	0	0	73	False	SNS
CtDUw	961890	86	1	A	G	A	0.0116279069767441	0.9883720930232558	0.0116279069767441	1	0	0	85	False	SNS
CtDUw	977199	83	1	A	G	A	0.0120481927710843	0.9879518072289156	0.0120481927710843	1	0	0	82	False	SNS
CtDUw	978901	92	1	C	T	A	0.0	1.0	0.0	0	0	92	0	False	SNS
CtDUw	980686	62	1	A	G	A	0.0	1.0	0.0	0	0	0	62	False	SNS
CtDUw	980793	64	2	C	C	A	0.9375	0.9375	0.0625	4	60	0	0	False	SNV
CtDUw	981379	71	2	A	A	T	0.943661971830986	0.943661971830986	0.056338028169014	67	0	4	0	False	SNV
CtDUw	982069	70	1	G	A	A	0.0	1.0	1.0	70	0	0	0	False	SNS
CtDUw	984654	45	2	A	A	T	0.9111111111111112	0.9111111111111112	0.0888888888888888	41	0	4	0	False	SNV
CtDUw	984655	47	2	G	G	T	0.9361702127659576	0.9361702127659576	0.0638297872340425	0	0	3	44	False	SNV
CtDUw	985681	125	1	T	C	A	0.0	1.0	0.0	0	125	0	0	False	SNS
CtDUw	987112	61	1	G	A	A	0.0	1.0	1.0	61	0	0	0	False	SNS
CtDUw	987517	79	2	T	T	C	0.9493670886075948	0.9493670886075948	0.050632911392405	0	4	75	0	False	SNV
CtDUw	993960	69	2	C	C	T	0.9420289855072465	0.9420289855072465	0.0579710144927536	0	65	4	0	False	SNV
CtDUw	995103	76	2	A	A	G	0.9473684210526316	0.9473684210526316	0.0526315789473684	72	0	0	4	False	SNV
CtDUw	995729	102	1	T	C	A	0.0	1.0	0.0	0	102	0	0	False	SNS
CtDUw	998759	29	1	C	T	A	0.0	1.0	0.0	0	0	29	0	False	SNS
CtDUw	1000869	96	1	T	C	A	0.0	1.0	0.0	0	96	0	0	False	SNS
CtDUw	1001507	112	1	T	C	A	0.0	1.0	0.0	0	112	0	0	False	SNS
CtDUw	1001962	79	1	C	T	A	0.0	1.0	0.0	0	0	79	0	False	SNS
CtDUw	1003580	77	1	G	A	A	0.0	1.0	1.0	77	0	0	0	False	SNS
CtDUw	1003780	66	1	G	T	C	0.0	0.9848484848484848	0.0151515151515151	0	1	65	0	False	SNS
CtDUw	1005967	110	1	C	T	C	0.009090909090909	0.990909090909091	0.009090909090909	0	1	109	0	False	SNS
CtDUw	1010633	106	1	G	A	C	0.0	0.9905660377358492	0.0094339622641509	105	1	0	0	False	SNS
CtDUw	1012608	83	1	A	G	A	0.0	1.0	0.0	0	0	0	83	False	SNS
CtDUw	1013624	75	1	T	C	A	0.0	1.0	0.0	0	75	0	0	False	SNS
CtDUw	1013634	73	1	A	C	A	0.0136986301369863	0.9863013698630136	0.0136986301369863	1	72	0	0	False	SNS
CtDUw	1015538	82	1	T	C	T	0.0121951219512195	0.9878048780487804	0.0121951219512195	0	81	1	0	False	SNS
CtDUw	1017574	100	1	G	A	A	0.0	1.0	1.0	100	0	0	0	False	SNS
CtDUw	1019607	70	1	G	A	A	0.0	1.0	1.0	70	0	0	0	False	SNS
CtDUw	1019811	69	1	T	C	A	0.0	1.0	0.0	0	69	0	0	False	SNS
CtDUw	1020000	75	1	C	T	A	0.0	1.0	0.0	0	0	75	0	False	SNS
CtDUw	1024246	44	1	G	A	A	0.0	1.0	1.0	44	0	0	0	False	SNS
CtDUw	1024273	49	1	C	T	A	0.0	1.0	0.0	0	0	49	0	False	SNS
CtDUw	1024706	84	1	G	A	C	0.0	0.988095238095238	0.0119047619047619	83	1	0	0	False	SNS
CtDUw	1024721	81	1	G	T	A	0.0	1.0	0.0	0	0	81	0	False	SNS
CtDUw	1024962	98	1	C	T	A	0.0	1.0	0.0	0	0	98	0	False	SNS
CtDUw	1024963	96	1	A	G	A	0.0	1.0	0.0	0	0	0	96	False	SNS
CtDUw	1025201	97	1	G	A	G	0.0103092783505154	0.9896907216494846	0.0103092783505154	96	0	0	1	False	SNS
CtDUw	1025439	63	1	T	G	T	0.0158730158730158	0.984126984126984	0.0158730158730158	0	0	1	62	False	SNS
CtDUw	1025495	61	1	C	T	A	0.0	1.0	0.0	0	0	61	0	False	SNS
CtDUw	1025577	72	2	A	A	T	0.9166666666666666	0.9166666666666666	0.0833333333333333	66	0	6	0	False	SNV
CtDUw	1025806	99	1	G	A	A	0.0	1.0	1.0	99	0	0	0	False	SNS
CtDUw	1025818	101	1	C	T	A	0.0	1.0	0.0	0	0	101	0	False	SNS
CtDUw	1025838	92	1	C	T	C	0.0108695652173913	0.9891304347826086	0.0108695652173913	0	1	91	0	False	SNS
CtDUw	1025839	93	1	T	C	A	0.0	1.0	0.0	0	93	0	0	False	SNS
CtDUw	1025849	86	1	G	A	A	0.0	1.0	1.0	86	0	0	0	False	SNS
CtDUw	1025908	67	1	G	T	A	0.0	1.0	0.0	0	0	67	0	False	SNS
CtDUw	1026106	52	1	G	A	A	0.0	1.0	1.0	52	0	0	0	False	SNS
CtDUw	1026130	58	1	G	A	A	0.0	1.0	1.0	58	0	0	0	False	SNS
CtDUw	1026166	60	1	A	G	A	0.0	1.0	0.0	0	0	0	60	False	SNS
CtDUw	1026190	58	1	G	A	C	0.0	0.9827586206896552	0.0172413793103448	57	1	0	0	False	SNS
CtDUw	1026208	63	1	C	A	A	0.0	1.0	1.0	63	0	0	0	False	SNS
CtDUw	1026222	72	1	T	C	A	0.0	1.0	0.0	0	72	0	0	False	SNS
CtDUw	1026298	85	1	T	C	A	0.0	1.0	0.0	0	85	0	0	False	SNS
CtDUw	1026352	82	1	G	A	A	0.0	1.0	1.0	82	0	0	0	False	SNS
CtDUw	1026358	82	1	C	T	A	0.0	1.0	0.0	0	0	82	0	False	SNS
CtDUw	1026482	81	1	C	T	A	0.0	1.0	0.0	0	0	81	0	False	SNS
CtDUw	1026550	51	1	G	A	A	0.0	1.0	1.0	51	0	0	0	False	SNS
CtDUw	1026553	48	1	A	C	A	0.0208333333333333	0.9791666666666666	0.0208333333333333	1	47	0	0	False	SNS
CtDUw	1026577	40	1	T	C	A	0.0	1.0	0.0	0	40	0	0	False	SNS
CtDUw	1026595	33	1	G	A	A	0.0	1.0	1.0	33	0	0	0	False	SNS
CtDUw	1026607	26	1	T	A	A	0.0	1.0	1.0	26	0	0	0	False	SNS
CtDUw	1026610	26	1	T	C	A	0.0	1.0	0.0	0	26	0	0	False	SNS
CtDUw	1026615	23	1	G	A	A	0.0	1.0	1.0	23	0	0	0	False	SNS
CtDUw	1026628	16	1	A	G	A	0.0	1.0	0.0	0	0	0	16	False	SNS
CtDUw	1026652	6	1	A	T	A	0.0	1.0	0.0	0	0	6	0	False	SNS
CtDUw	1026748	25	1	C	T	A	0.0	1.0	0.0	0	0	25	0	False	SNS
CtDUw	1026751	26	1	A	G	A	0.0	1.0	0.0	0	0	0	26	False	SNS
CtDUw	1026757	25	1	T	C	A	0.0	1.0	0.0	0	25	0	0	False	SNS
CtDUw	1026762	29	1	T	C	A	0.0	1.0	0.0	0	29	0	0	False	SNS
CtDUw	1026763	29	1	T	A	A	0.0	1.0	1.0	29	0	0	0	False	SNS
CtDUw	1026766	27	1	T	A	A	0.0	1.0	1.0	27	0	0	0	False	SNS
CtDUw	1026770	28	1	T	C	A	0.0	1.0	0.0	0	28	0	0	False	SNS
CtDUw	1026771	29	1	G	T	A	0.0	1.0	0.0	0	0	29	0	False	SNS
CtDUw	1026784	33	1	G	A	C	0.0	0.9696969696969696	0.0303030303030303	32	1	0	0	False	SNS
CtDUw	1026832	63	1	C	T	A	0.0	1.0	0.0	0	0	63	0	False	SNS
CtDUw	1026856	70	1	G	A	A	0.0	1.0	1.0	70	0	0	0	False	SNS
CtDUw	1026862	72	1	G	A	A	0.0	1.0	1.0	72	0	0	0	False	SNS
CtDUw	1027712	72	1	G	T	A	0.0	1.0	0.0	0	0	72	0	False	SNS
CtDUw	1028102	86	2	T	T	A	0.9302325581395348	0.9302325581395348	0.0697674418604651	6	0	80	0	False	SNV
CtDUw	1028103	84	2	C	T	C	0.2976190476190476	0.7023809523809523	0.2976190476190476	0	25	59	0	False	con_SNV
CtDUw	1028105	80	2	G	A	G	0.3125	0.6875	0.3125	55	0	0	25	False	con_SNV
CtDUw	1028107	83	2	A	A	T	0.6385542168674698	0.6385542168674698	0.3614457831325301	53	0	30	0	False	SNV
CtDUw	1028109	80	2	C	C	T	0.6875	0.6875	0.3125	0	55	25	0	False	SNV
CtDUw	1028110	76	3	A	G	A	0.3157894736842105	0.631578947368421	0.3157894736842105	24	0	4	48	False	con_SNV
CtDUw	1028111	79	2	T	T	A	0.6582278481012658	0.6582278481012658	0.3417721518987341	27	0	52	0	False	SNV
CtDUw	1028112	81	2	A	A	G	0.6419753086419753	0.6419753086419753	0.3580246913580246	52	0	0	29	False	SNV
CtDUw	1028116	82	1	A	G	A	0.0	1.0	0.0	0	0	0	82	False	SNS
CtDUw	1028132	92	1	A	G	A	0.0	1.0	0.0	0	0	0	92	False	SNS
CtDUw	1028333	115	1	T	C	A	0.0	1.0	0.0	0	115	0	0	False	SNS
CtDUw	1028937	128	1	C	T	A	0.0	1.0	0.0	0	0	128	0	False	SNS
CtDUw	1028940	128	1	A	T	A	0.0078125	0.9921875	0.0078125	1	0	127	0	False	SNS
CtDUw	1028949	128	1	G	A	A	0.0	1.0	1.0	128	0	0	0	False	SNS
CtDUw	1028967	129	1	T	C	A	0.0	1.0	0.0	0	129	0	0	False	SNS
CtDUw	1028970	129	1	A	G	A	0.0	1.0	0.0	0	0	0	129	False	SNS
CtDUw	1028976	128	1	A	G	A	0.0	1.0	0.0	0	0	0	128	False	SNS
CtDUw	1029000	130	1	A	G	A	0.0	1.0	0.0	0	0	0	130	False	SNS
CtDUw	1029096	108	1	T	C	A	0.0	1.0	0.0	0	108	0	0	False	SNS
CtDUw	1029111	102	1	A	G	A	0.0	1.0	0.0	0	0	0	102	False	SNS
CtDUw	1029117	103	1	A	G	A	0.0	1.0	0.0	0	0	0	103	False	SNS
CtDUw	1029150	110	1	A	G	A	0.0	1.0	0.0	0	0	0	110	False	SNS
CtDUw	1029170	98	1	G	T	A	0.0	1.0	0.0	0	0	98	0	False	SNS
CtDUw	1029180	103	1	T	G	A	0.0	1.0	0.0	0	0	0	103	False	SNS
CtDUw	1029417	49	1	T	C	A	0.0	1.0	0.0	0	49	0	0	False	SNS
CtDUw	1029420	46	1	T	C	A	0.0	1.0	0.0	0	46	0	0	False	SNS
CtDUw	1029423	46	1	G	A	A	0.0	1.0	1.0	46	0	0	0	False	SNS
CtDUw	1029429	42	1	G	T	A	0.0	1.0	0.0	0	0	42	0	False	SNS
CtDUw	1029468	20	1	G	T	A	0.0	1.0	0.0	0	0	20	0	False	SNS
CtDUw	1029477	8	1	T	C	A	0.0	1.0	0.0	0	8	0	0	False	SNS
CtDUw	1029489	5	1	A	G	A	0.0	1.0	0.0	0	0	0	5	False	SNS
CtDUw	1029490	5	1	A	G	A	0.0	1.0	0.0	0	0	0	5	False	SNS
CtDUw	1029576	9	1	A	G	A	0.0	1.0	0.0	0	0	0	9	False	SNS
CtDUw	1029579	12	1	A	G	A	0.0	1.0	0.0	0	0	0	12	False	SNS
CtDUw	1029582	13	1	T	G	A	0.0	1.0	0.0	0	0	0	13	False	SNS
CtDUw	1029585	18	1	A	T	A	0.0	1.0	0.0	0	0	18	0	False	SNS
CtDUw	1029595	26	1	C	T	A	0.0	1.0	0.0	0	0	26	0	False	SNS
CtDUw	1029602	29	2	T	T	G	0.9310344827586208	0.9310344827586208	0.0689655172413793	0	0	27	2	False	SNV
CtDUw	1029606	33	2	A	C	T	0.0	0.9393939393939394	0.0606060606060606	0	31	2	0	False	pop_SNV
CtDUw	1029636	61	1	G	A	A	0.0	1.0	1.0	61	0	0	0	False	SNS
CtDUw	1029640	63	1	G	T	A	0.0	1.0	0.0	0	0	63	0	False	SNS
CtDUw	1029642	66	1	A	G	A	0.0	1.0	0.0	0	0	0	66	False	SNS
CtDUw	1029891	93	1	G	A	G	0.010752688172043	0.989247311827957	0.010752688172043	92	0	0	1	False	SNS
CtDUw	1030197	106	1	A	G	A	0.0	1.0	0.0	0	0	0	106	False	SNS
CtDUw	1030203	99	1	G	A	A	0.0	1.0	1.0	99	0	0	0	False	SNS
CtDUw	1030477	104	1	T	A	A	0.0	1.0	1.0	104	0	0	0	False	SNS
CtDUw	1030496	105	1	C	T	A	0.0	1.0	0.0	0	0	105	0	False	SNS
CtDUw	1030570	105	1	G	T	G	0.0095238095238095	0.9904761904761904	0.0095238095238095	0	0	104	1	False	SNS
CtDUw	1030590	119	1	C	T	C	0.0084033613445378	0.9915966386554622	0.0084033613445378	0	1	118	0	False	SNS
CtDUw	1030661	116	1	T	C	T	0.0086206896551724	0.9913793103448276	0.0086206896551724	0	115	1	0	False	SNS
CtDUw	1030693	109	1	C	T	A	0.0	1.0	0.0	0	0	109	0	False	SNS
CtDUw	1030772	80	1	A	G	A	0.0125	0.975	0.0125	1	0	1	78	False	SNS
CtDUw	1030782	77	1	G	T	G	0.0129870129870129	0.987012987012987	0.0129870129870129	0	0	76	1	False	SNS
CtDUw	1030982	82	1	A	C	A	0.024390243902439	0.975609756097561	0.024390243902439	2	80	0	0	False	SNS
CtDUw	1030995	87	1	G	A	G	0.0344827586206896	0.9655172413793104	0.0344827586206896	84	0	0	3	False	SNS
CtDUw	1031105	90	1	C	T	A	0.0	1.0	0.0	0	0	90	0	False	SNS
CtDUw	1031171	73	1	T	A	A	0.0	1.0	1.0	73	0	0	0	False	SNS
CtDUw	1031173	75	1	T	G	A	0.0	1.0	0.0	0	0	0	75	False	SNS
CtDUw	1031182	72	1	G	A	A	0.0	1.0	1.0	72	0	0	0	False	SNS
CtDUw	1031199	74	1	C	T	A	0.0	1.0	0.0	0	0	74	0	False	SNS
CtDUw	1031209	74	1	A	G	A	0.0	1.0	0.0	0	0	0	74	False	SNS
CtDUw	1031255	61	1	G	C	A	0.0	1.0	0.0	0	61	0	0	False	SNS
CtDUw	1031280	53	1	G	T	A	0.0	1.0	0.0	0	0	53	0	False	SNS
CtDUw	1031364	19	1	G	A	A	0.0	1.0	1.0	19	0	0	0	False	SNS
CtDUw	1031367	21	1	T	C	A	0.0	1.0	0.0	0	21	0	0	False	SNS
CtDUw	1031370	20	1	A	C	A	0.0	1.0	0.0	0	20	0	0	False	SNS
CtDUw	1031375	15	1	A	C	A	0.0	1.0	0.0	0	15	0	0	False	SNS
CtDUw	1031377	13	1	T	G	A	0.0	1.0	0.0	0	0	0	13	False	SNS
CtDUw	1031379	12	1	T	A	A	0.0	1.0	1.0	12	0	0	0	False	SNS
CtDUw	1031381	8	1	C	A	A	0.0	1.0	1.0	8	0	0	0	False	SNS
CtDUw	1031385	6	1	G	A	A	0.0	1.0	1.0	6	0	0	0	False	SNS
CtDUw	1031547	9	1	C	A	A	0.0	1.0	1.0	9	0	0	0	False	SNS
CtDUw	1031565	10	1	C	T	A	0.0	1.0	0.0	0	0	10	0	False	SNS
CtDUw	1031574	13	1	A	G	A	0.0	1.0	0.0	0	0	0	13	False	SNS
CtDUw	1031581	15	1	A	G	A	0.0	1.0	0.0	0	0	0	15	False	SNS
CtDUw	1031583	16	1	A	G	A	0.0	1.0	0.0	0	0	0	16	False	SNS
CtDUw	1031584	17	1	A	T	A	0.0	1.0	0.0	0	0	17	0	False	SNS
CtDUw	1031586	20	1	G	A	A	0.0	1.0	1.0	20	0	0	0	False	SNS
CtDUw	1031620	40	1	G	A	A	0.0	1.0	1.0	40	0	0	0	False	SNS
CtDUw	1031649	52	1	C	T	A	0.0	1.0	0.0	0	0	52	0	False	SNS
CtDUw	1031730	92	1	T	C	T	0.0108695652173913	0.9891304347826086	0.0108695652173913	0	91	1	0	False	SNS
CtDUw	1031778	103	1	T	C	A	0.0	1.0	0.0	0	103	0	0	False	SNS
CtDUw	1031779	102	1	G	A	A	0.0	1.0	1.0	102	0	0	0	False	SNS
CtDUw	1031877	94	1	G	A	T	0.0	0.9893617021276596	0.0106382978723404	93	0	1	0	False	SNS
CtDUw	1031906	101	1	A	G	A	0.0	1.0	0.0	0	0	0	101	False	SNS
CtDUw	1031926	100	1	T	C	T	0.01	0.99	0.01	0	99	1	0	False	SNS
CtDUw	1032262	86	1	C	T	C	0.0348837209302325	0.9651162790697676	0.0348837209302325	0	3	83	0	False	SNS
CtDUw	1032524	65	1	A	G	A	0.0	1.0	0.0	0	0	0	65	False	SNS
CtDUw	1033327	66	1	T	C	A	0.0	0.9848484848484848	0.0151515151515151	1	65	0	0	False	SNS
CtDUw	1033616	86	1	A	G	A	0.0	1.0	0.0	0	0	0	86	False	SNS
CtDUw	1033763	74	1	T	C	A	0.0	1.0	0.0	0	74	0	0	False	SNS
CtDUw	1033960	86	1	C	T	A	0.0	1.0	0.0	0	0	86	0	False	SNS
CtDUw	1034167	117	1	C	T	C	0.0256410256410256	0.9743589743589745	0.0256410256410256	0	3	114	0	False	SNS
CtDUw	1034254	142	1	A	G	A	0.0	1.0	0.0	0	0	0	142	False	SNS
CtDUw	1034269	140	1	C	T	A	0.0	1.0	0.0	0	0	140	0	False	SNS
CtDUw	1034273	144	1	T	G	A	0.0	1.0	0.0	0	0	0	144	False	SNS
CtDUw	1034278	145	1	C	T	A	0.0	1.0	0.0	0	0	145	0	False	SNS
CtDUw	1034293	146	1	C	T	A	0.0	1.0	0.0	0	0	146	0	False	SNS
CtDUw	1034317	130	1	C	T	A	0.0	1.0	0.0	0	0	130	0	False	SNS
CtDUw	1034338	129	1	C	T	A	0.0	1.0	0.0	0	0	129	0	False	SNS
CtDUw	1035301	137	1	T	C	A	0.0	1.0	0.0	0	137	0	0	False	SNS
CtDUw	1035336	129	1	T	C	A	0.0	1.0	0.0	0	129	0	0	False	SNS
CtDUw	1035373	108	2	A	A	T	0.9166666666666666	0.9166666666666666	0.0833333333333333	99	0	9	0	False	SNV
CtDUw	1035376	106	2	A	A	T	0.9245283018867924	0.9245283018867924	0.0754716981132075	98	0	8	0	False	SNV
CtDUw	1037455	142	1	G	A	C	0.0	0.9929577464788732	0.0070422535211267	141	1	0	0	False	SNS
CtDUw	1037503	148	1	C	A	A	0.0	1.0	1.0	148	0	0	0	False	SNS
CtDUw	1037788	91	1	T	C	T	0.0109890109890109	0.989010989010989	0.0109890109890109	0	90	1	0	False	SNS
CtDUw	1037872	51	1	G	A	A	0.0	1.0	1.0	51	0	0	0	False	SNS
CtDUw	1037873	50	1	C	T	A	0.0	1.0	0.0	0	0	50	0	False	SNS
CtDUw	1037875	49	1	G	A	A	0.0	1.0	1.0	49	0	0	0	False	SNS
CtDUw	1037896	48	1	G	C	A	0.0	1.0	0.0	0	48	0	0	False	SNS
CtDUw	1037911	45	1	C	T	A	0.0	1.0	0.0	0	0	45	0	False	SNS
CtDUw	1037937	47	2	A	A	C	0.9148936170212766	0.9148936170212766	0.0851063829787234	43	4	0	0	False	SNV
CtDUw	1037951	42	1	T	A	C	0.0	0.9761904761904762	0.0238095238095238	41	1	0	0	False	SNS
CtDUw	1037952	42	1	C	G	A	0.0	1.0	0.0	0	0	0	42	False	SNS
CtDUw	1037954	43	1	G	A	G	0.0232558139534883	0.9767441860465116	0.0232558139534883	42	0	0	1	False	SNS
CtDUw	1037958	45	1	T	C	A	0.0	0.9777777777777776	0.0222222222222222	1	44	0	0	False	SNS
CtDUw	1037959	46	1	G	A	G	0.0217391304347826	0.9782608695652174	0.0217391304347826	45	0	0	1	False	SNS
CtDUw	1037963	45	1	T	C	A	0.0	0.9777777777777776	0.0222222222222222	1	44	0	0	False	SNS
CtDUw	1037968	47	1	T	G	A	0.0	1.0	0.0	0	0	0	47	False	SNS
CtDUw	1037970	48	1	C	T	A	0.0	1.0	0.0	0	0	48	0	False	SNS
CtDUw	1037972	48	1	A	G	A	0.0	1.0	0.0	0	0	0	48	False	SNS
CtDUw	1037987	59	1	C	T	A	0.0	1.0	0.0	0	0	59	0	False	SNS
CtDUw	1039138	125	1	T	C	A	0.0	1.0	0.0	0	125	0	0	False	SNS
CtDUw	1042297	77	2	C	C	A	0.948051948051948	0.948051948051948	0.0519480519480519	4	73	0	0	False	SNV
CtDUw	1042506	8	2	C	C	G	0.75	0.75	0.25	0	6	0	2	False	SNV
CtDUw	1042507	7	2	C	C	G	0.4285714285714285	0.4285714285714285	0.4285714285714285	1	3	0	3	False	SNV
CtDUw	1042508	5	2	C	G	C	0.4	0.6	0.4	0	2	0	3	False	con_SNV
